"date","home_team","away_team","home_pts","away_pts","home_wins","away_wins"
2023-10-24,"Atlanta Hawks","Minnesota Timberwolves",83,106,0,1
2023-10-24,"Atlanta Hawks","Cleveland Cavaliers",147,126,1,0
2023-10-24,"Atlanta Hawks","Boston Celtics",101,107,0,1
2023-10-24,"Atlanta Hawks","Sacramento Kings",114,120,0,1
2023-10-24,"Atlanta Hawks","Houston Rockets",102,99,1,0
2023-10-25,"Atlanta Hawks","Chicago Bulls",114,113,1,0
2023-10-25,"Atlanta Hawks","New Orleans Pelicans",81,102,0,1
2023-10-25,"Atlanta Hawks","San Antonio Spurs",74,95,0,1
2023-10-25,"Atlanta Hawks","Minnesota Timberwolves",109,117,0,1
2023-10-25,"Atlanta Hawks","Miami Heat",132,128,1,0
2023-10-25,"Atlanta Hawks","Portland Trail Blazers",103,101,1,0
2023-10-25,"Atlanta Hawks","Denver Nuggets",108,100,1,0
2023-10-25,"Atlanta Hawks","Chicago Bulls",88,98,0,1
2023-10-26,"Atlanta Hawks","Sacramento Kings",109,105,1,0
2023-10-26,"Atlanta Hawks","Cleveland Cavaliers",132,117,1,0
2023-10-26,"Atlanta Hawks","Memphis Grizzlies",123,118,1,0
2023-10-26,"Atlanta Hawks","Oklahoma City Thunder",118,115,1,0
2023-10-26,"Atlanta Hawks","San Antonio Spurs",131,118,1,0
2023-10-26,"Atlanta Hawks","New Orleans Pelicans",100,105,0,1
2023-10-26,"Atlanta Hawks","Miami Heat",102,108,0,1
2023-10-26,"Atlanta Hawks","Charlotte Hornets",125,118,1,0
2023-10-26,"Atlanta Hawks","Golden State Warriors",105,107,0,1
2023-10-26,"Atlanta Hawks","Sacramento Kings",89,99,0,1
2023-10-26,"Atlanta Hawks","Toronto Raptors",103,95,1,0
2023-10-27,"Atlanta Hawks","Chicago Bulls",151,140,1,0
2023-10-27,"Atlanta Hawks","Cleveland Cavaliers",86,91,0,1
2023-10-27,"Atlanta Hawks","Los Angeles Lakers",114,110,1,0
2023-10-27,"Atlanta Hawks","Cleveland Cavaliers",129,131,0,1
2023-10-27,"Atlanta Hawks","Oklahoma City Thunder",109,119,0,1
2023-10-27,"Atlanta Hawks","Brooklyn Nets",118,108,1,0
2023-10-27,"Atlanta Hawks","Utah Jazz",129,116,1,0
2023-10-27,"Atlanta Hawks","Detroit Pistons",135,130,1,0
2023-10-27,"Atlanta Hawks","Charlotte Hornets",115,112,1,0
2023-10-27,"Atlanta Hawks","San Antonio Spurs",118,104,1,0
2023-10-27,"Atlanta Hawks","Boston Celtics",142,126,1,0
2023-10-27,"Atlanta Hawks","Houston Rockets",129,131,0,1
2023-10-27,"Atlanta Hawks","Portland Trail Blazers",104,99,1,0
2023-10-28,"Atlanta Hawks","Indiana Pacers",106,118,0,1
2023-10-28,"Atlanta Hawks","Miami Heat",121,111,1,0
2023-10-28,"Atlanta Hawks","Philadelphia 76ers",116,118,0,1
2023-10-28,"Atlanta Hawks","San Antonio Spurs",117,116,1,0
2023-10-28,"Boston Celtics","Detroit Pistons",103,110,0,1
2023-10-28,"Boston Celtics","Chicago Bulls",110,115,0,1
2023-10-28,"Boston Celtics","Chicago Bulls",101,97,1,0
2023-10-28,"Boston Celtics","Philadelphia 76ers",84,95,0,1
2023-10-28,"Boston Celtics","New Orleans Pelicans",106,118,0,1
2023-10-28,"Boston Celtics","Los Angeles Lakers",127,111,1,0
2023-10-28,"Boston Celtics","Utah Jazz",122,109,1,0
2023-10-28,"Boston Celtics","Cleveland Cavaliers",98,92,1,0
2023-10-28,"Boston Celtics","Chicago Bulls",124,104,1,0
2023-10-28,"Boston Celtics","Brooklyn Nets",115,112,1,0
2023-10-29,"Boston Celtics","Portland Trail Blazers",111,105,1,0
2023-10-29,"Boston Celtics","New Orleans Pelicans",110,111,0,1
2023-10-29,"Boston Celtics","Charlotte Hornets",101,114,0,1
2023-10-29,"Boston Celtics","Portland Trail Blazers",125,108,1,0
2023-10-29,"Boston Celtics","Phoenix Suns",119,115,1,0
2023-10-29,"Boston Celtics","Minnesota Timberwolves",111,107,1,0
2023-10-29,"Boston Celtics","Orlando Magic",104,106,0,1
2023-10-29,"Boston Celtics","San Antonio Spurs",109,107,1,0
2023-10-30,"Boston Celtics","New Orleans Pelicans",113,117,0,1
2023-10-30,"Boston Celtics","Dallas Mavericks",108,119,0,1
2023-10-31,"Boston Celtics","Dallas Mavericks",163,136,1,0
2023-10-31,"Boston Celtics","Brooklyn Nets",113,99,1,0
2023-10-31,"Boston Celtics","Oklahoma City Thunder",92,102,0,1
2023-10-31,"Boston Celtics","Charlotte Hornets",128,117,1,0
2023-10-31,"Boston Celtics","Philadelphia 76ers",147,128,1,0
2023-10-31,"Boston Celtics","Orlando Magic",125,123,1,0
2023-10-31,"Boston Celtics","Brooklyn Nets",85,105,0,1
2023-10-31,"Boston Celtics","Phoenix Suns",110,103,1,0
2023-10-31,"Boston Celtics","Dallas Mavericks",145,129,1,0
2023-11-01,"Boston Celtics","San Antonio Spurs",120,127,0,1
2023-11-01,"Boston Celtics","Houston Rockets",120,112,1,0
2023-11-01,"Boston Celtics","Detroit Pistons",118,129,0,1
2023-11-01,"Boston Celtics","Cleveland Cavaliers",120,110,1,0
2023-11-01,"Boston Celtics","Atlanta Hawks",124,101,1,0
2023-11-01,"Boston Celtics","Minnesota Timberwolves",95,109,0,1
2023-11-01,"Boston Celtics","Denver Nuggets",103,111,0,1
2023-11-01,"Boston Celtics","Chicago Bulls",82,93,0,1
2023-11-01,"Boston Celtics","Los Angeles Lakers",119,108,1,0
2023-11-01,"Boston Celtics","Houston Rockets",102,105,0,1
2023-11-02,"Boston Celtics","Golden State Warriors",119,115,1,0
2023-11-02,"Boston Celtics","Washington Wizards",97,104,0,1
2023-11-02,"Brooklyn Nets","LA Clippers",136,115,1,0
2023-11-02,"Brooklyn Nets","Oklahoma City Thunder",130,116,1,0
2023-11-02,"Brooklyn Nets","Golden State Warriors",110,107,1,0
2023-11-02,"Brooklyn Nets","Indiana Pacers",102,110,0,1
2023-11-02,"Brooklyn Nets","Charlotte Hornets",147,136,1,0
2023-11-03,"Brooklyn Nets","Washington Wizards",132,127,1,0
2023-11-03,"Brooklyn Nets","Milwaukee Bucks",137,127,1,0
2023-11-03,"Brooklyn Nets","Cleveland Cavaliers",106,111,0,1
2023-11-03,"Brooklyn Nets","Utah Jazz",95,101,0,1
2023-11-03,"Brooklyn Nets","Portland Trail Blazers",117,116,1,0
2023-11-03,"Brooklyn Nets","Memphis Grizzlies",117,111,1,0
2023-11-03,"Brooklyn Nets","Cleveland Cavaliers",154,149,1,0
2023-11-03,"Brooklyn Nets","Utah Jazz",93,89,1,0
2023-11-04,"Brooklyn Nets","Philadelphia 76ers",111,108,1,0
2023-11-04,"Brooklyn Nets","Boston Celtics",119,126,0,1
2023-11-04,"Brooklyn Nets","New Orleans Pelicans",98,87,1,0
2023-11-04,"Brooklyn Nets","Portland Trail Blazers",103,107,0,1
2023-11-05,"Brooklyn Nets","Minnesota Timberwolves",104,114,0,1
2023-11-05,"Brooklyn Nets","New Orleans Pelicans",105,108,0,1
2023-11-05,"Brooklyn Nets","Cleveland Cavaliers",94,100,0,1
2023-11-05,"Brooklyn Nets","Memphis Grizzlies",111,109,1,0
2023-11-05,"Brooklyn Nets","Detroit Pistons",107,125,0,1
2023-11-05,"Brooklyn Nets","Phoenix Suns",85,95,0,1
2023-11-06,"Brooklyn Nets","Detroit Pistons",129,126,1,0
2023-11-07,"Brooklyn Nets","Orlando Magic",134,120,1,0
2023-11-07,"Brooklyn Nets","Chicago Bulls",89,96,0,1
2023-11-07,"Brooklyn Nets","Sacramento Kings",79,93,0,1
2023-11-07,"Brooklyn Nets","Chicago Bulls",126,110,1,0
2023-11-07,"Brooklyn Nets","Denver Nuggets",107,113,0,1
2023-11-07,"Brooklyn Nets","Houston Rockets",131,123,1,0
2023-11-08,"Brooklyn Nets","New Orleans Pelicans",91,110,0,1
2023-11-08,"Brooklyn Nets","Toronto Raptors",128,115,1,0
2023-11-08,"Brooklyn Nets","Los Angeles Lakers",135,124,1,0
2023-11-08,"Brooklyn Nets","Orlando Magic",126,123,1,0
2023-11-09,"Brooklyn Nets","Philadelphia 76ers",122,119,1,0
2023-11-09,"Brooklyn Nets","New York Knicks",123,114,1,0
2023-11-09,"Brooklyn Nets","Milwaukee Bucks",117,114,1,0
2023-11-09,"Brooklyn Nets","Philadelphia 76ers",93,123,0,1
2023-11-09,"Brooklyn Nets","Utah Jazz",123,122,1,0
2023-11-09,"Brooklyn Nets","Washington Wizards",123,109,1,0
2023-11-09,"Brooklyn Nets","Minnesota Timberwolves",123,114,1,0
2023-11-09,"Charlotte Hornets","LA Clippers",145,129,1,0
2023-11-10,"Charlotte Hornets","Golden State Warriors",122,126,0,1
2023-11-10,"Charlotte Hornets","Sacramento Kings",121,99,1,0
2023-11-10,"Charlotte Hornets","Orlando Magic",131,126,1,0
2023-11-10,"Charlotte Hornets","Indiana Pacers",91,109,0,1
2023-11-10,"Charlotte Hornets","Sacramento Kings",96,93,1,0
2023-11-11,"Charlotte Hornets","San Antonio Spurs",130,124,1,0
2023-11-11,"Charlotte Hornets","Milwaukee Bucks",119,111,1,0
2023-11-11,"Charlotte Hornets","Detroit Pistons",133,121,1,0
2023-11-11,"Charlotte Hornets","Washington Wizards",144,131,1,0
2023-11-11,"Charlotte Hornets","Phoenix Suns",94,122,0,1
2023-11-11,"Charlotte Hornets","Dallas Mavericks",85,106,0,1
2023-11-11,"Charlotte Hornets","Atlanta Hawks",114,109,1,0
2023-11-11,"Charlotte Hornets","Los Angeles Lakers",97,99,0,1
2023-11-11,"Charlotte Hornets","Memphis Grizzlies",105,101,1,0
2023-11-11,"Charlotte Hornets","Cleveland Cavaliers",133,115,1,0
2023-11-12,"Charlotte Hornets","Golden State Warriors",118,107,1,0
2023-11-12,"Charlotte Hornets","Phoenix Suns",109,117,0,1
2023-11-12,"Charlotte Hornets","Milwaukee Bucks",128,119,1,0
2023-11-12,"Charlotte Hornets","San Antonio Spurs",118,114,1,0
2023-11-12,"Charlotte Hornets","Indiana Pacers",98,106,0,1
2023-11-13,"Charlotte Hornets","Houston Rockets",78,94,0,1
2023-11-13,"Charlotte Hornets","Houston Rockets",113,111,1,0
2023-11-13,"Charlotte Hornets","Portland Trail Blazers",82,99,0,1
2023-11-13,"Charlotte Hornets","Atlanta Hawks",110,117,0,1
2023-11-13,"Charlotte Hornets","Toronto Raptors",115,119,0,1
2023-11-13,"Charlotte Hornets","Sacramento Kings",125,113,1,0
2023-11-13,"Charlotte Hornets","Washington Wizards",108,99,1,0
2023-11-14,"Charlotte Hornets","Sacramento Kings",105,102,1,0
2023-11-14,"Charlotte Hornets","New York Knicks",102,105,0,1
2023-11-14,"Charlotte Hornets","Minnesota Timberwolves",107,112,0,1
2023-11-14,"Charlotte Hornets","Memphis Grizzlies",142,136,1,0
2023-11-14,"Charlotte Hornets","Memphis Grizzlies",86,100,0,1
2023-11-14,"Charlotte Hornets","Miami Heat",82,86,0,1
2023-11-14,"Charlotte Hornets","Dallas Mavericks",121,109,1,0
2023-11-15,"Charlotte Hornets","Portland Trail Blazers",93,101,0,1
2023-11-15,"Charlotte Hornets","Miami Heat",101,86,1,0
2023-11-15,"Charlotte Hornets","Indiana Pacers",101,100,1,0
2023-11-16,"Charlotte Hornets","Cleveland Cavaliers",110,106,1,0
2023-11-16,"Charlotte Hornets","Milwaukee Bucks",114,98,1,0
2023-11-16,"Charlotte Hornets","Minnesota Timberwolves",127,118,1,0
2023-11-16,"Chicago Bulls","Philadelphia 76ers",126,120,1,0
2023-11-16,"Chicago Bulls","Minnesota Timberwolves",118,106,1,0
2023-11-16,"Chicago Bulls","New Orleans Pelicans",97,94,1,0
2023-11-16,"Chicago Bulls","Boston Celtics",121,117,1,0
2023-11-16,"Chicago Bulls","Dallas Mavericks",106,101,1,0
2023-11-17,"Chicago Bulls","Philadelphia 76ers",88,101,0,1
2023-11-17,"Chicago Bulls","Dallas Mavericks",121,112,1,0
2023-11-17,"Chicago Bulls","Dallas Mavericks",100,99,1,0
2023-11-17,"Chicago Bulls","Oklahoma City Thunder",94,107,0,1
2023-11-17,"Chicago Bulls","Utah Jazz",104,102,1,0
2023-11-17,"Chicago Bulls","Miami Heat",122,114,1,0
2023-11-18,"Chicago Bulls","Boston Celtics",89,101,0,1
2023-11-18,"Chicago Bulls","Houston Rockets",94,101,0,1
2023-11-18,"Chicago Bulls","Phoenix Suns",114,99,1,0
2023-11-18,"Chicago Bulls","Utah Jazz",108,110,0,1
2023-11-19,"Chicago Bulls","LA Clippers",134,123,1,0
2023-11-19,"Chicago Bulls","San Antonio Spurs",105,100,1,0
2023-11-19,"Chicago Bulls","Golden State Warriors",101,112,0,1
2023-11-19,"Chicago Bulls","Atlanta Hawks",119,103,1,0
2023-11-19,"Chicago Bulls","Boston Celtics",101,98,1,0
2023-11-19,"Chicago Bulls","Portland Trail Blazers",140,122,1,0
2023-11-19,"Chicago Bulls","Portland Trail Blazers",87,104,0,1
2023-11-20,"Chicago Bulls","Boston Celtics",120,128,0,1
2023-11-20,"Chicago Bulls","Sacramento Kings",94,102,0,1
2023-11-20,"Chicago Bulls","Utah Jazz",123,117,1,0
2023-11-20,"Chicago Bulls","Indiana Pacers",103,122,0,1
2023-11-20,"Chicago Bulls","Washington Wizards",141,134,1,0
2023-11-20,"Chicago Bulls","Memphis Grizzlies",121,101,1,0
2023-11-20,"Chicago Bulls","Boston Celtics",113,111,1,0
2023-11-21,"Chicago Bulls","Utah Jazz",115,120,0,1
2023-11-21,"Chicago Bulls","Boston Celtics",106,104,1,0
2023-11-21,"Chicago Bulls","Toronto Raptors",125,117,1,0
2023-11-21,"Chicago Bulls","Houston Rockets",112,105,1,0
2023-11-21,"Chicago Bulls","Sacramento Kings",106,98,1,0
2023-11-21,"Chicago Bulls","Utah Jazz",90,85,1,0
2023-11-21,"Chicago Bulls","Philadelphia 76ers",127,116,1,0
2023-11-21,"Chicago Bulls","Cleveland Cavaliers",117,106,1,0
2023-11-22,"Chicago Bulls","Houston Rockets",120,129,0,1
2023-11-22,"Chicago Bulls","Minnesota Timberwolves",85,98,0,1
2023-11-22,"Chicago Bulls","Minnesota Timberwolves",119,105,1,0
2023-11-22,"Chicago Bulls","Cleveland Cavaliers",128,119,1,0
2023-11-23,"Cleveland Cavaliers","Brooklyn Nets",101,107,0,1
2023-11-23,"Cleveland Cavaliers","Memphis Grizzlies",113,115,0,1
2023-11-23,"Cleveland Cavaliers","Memphis Grizzlies",117,125,0,1
2023-11-23,"Cleveland Cavaliers","Utah Jazz",125,134,0,1
2023-11-23,"Cleveland Cavaliers","San Antonio Spurs",108,111,0,1
2023-11-23,"Cleveland Cavaliers","Atlanta Hawks",102,101,1,0
2023-11-24,"Cleveland Cavaliers","Chicago Bulls",109,98,1,0
2023-11-24,"Cleveland Cavaliers","Brooklyn Nets",110,104,1,0
2023-11-24,"Cleveland Cavaliers","Philadelphia 76ers",127,105,1,0
2023-11-24,"Cleveland Cavaliers","San Antonio Spurs",112,97,1,0
2023-11-24,"Cleveland Cavaliers","Los Angeles Lakers",129,117,1,0
2023-11-24,"Cleveland Cavaliers","Indiana Pacers",129,126,1,0
2023-11-24,"Cleveland Cavaliers","Oklahoma City Thunder",110,105,1,0
2023-11-24,"Cleveland Cavaliers","San Antonio Spurs",103,99,1,0
2023-11-24,"Cleveland Cavaliers","Minnesota Timberwolves",101,96,1,0
2023-11-24,"Cleveland Cavaliers","Toronto Raptors",121,118,1,0
2023-11-24,"Cleveland Cavaliers","Toronto Raptors",113,110,1,0
2023-11-24,"Cleveland Cavaliers","Oklahoma City Thunder",91,89,1,0
2023-11-24,"Cleveland Cavaliers","Charlotte Hornets",93,109,0,1
2023-11-25,"Cleveland Cavaliers","Oklahoma City Thunder",106,110,0,1
2023-11-25,"Cleveland Cavaliers","Indiana Pacers",110,101,1,0
2023-11-25,"Cleveland Cavaliers","Minnesota Timberwolves",108,97,1,0
2023-11-25,"Cleveland Cavaliers","Golden State Warriors",99,105,0,1
2023-11-25,"Cleveland Cavaliers","Minnesota Timberwolves",112,102,1,0
2023-11-25,"Cleveland Cavaliers","Los Angeles Lakers",113,103,1,0
2023-11-25,"Cleveland Cavaliers","Utah Jazz",88,85,1,0
2023-11-26,"Cleveland Cavaliers","Minnesota Timberwolves",110,108,1,0
2023-11-26,"Cleveland Cavaliers","Washington Wizards",121,120,1,0
2023-11-26,"Cleveland Cavaliers","Oklahoma City Thunder",132,123,1,0
2023-11-26,"Cleveland Cavaliers","Atlanta Hawks",111,133,0,1
2023-11-26,"Cleveland Cavaliers","Minnesota Timberwolves",105,113,0,1
2023-11-26,"Cleveland Cavaliers","Atlanta Hawks",106,98,1,0
2023-11-26,"Cleveland Cavaliers","Utah Jazz",113,116,0,1
2023-11-26,"Cleveland Cavaliers","Boston Celtics",120,122,0,1
2023-11-27,"Cleveland Cavaliers","Detroit Pistons",124,131,0,1
2023-11-27,"Cleveland Cavaliers","Milwaukee Bucks",124,119,1,0
2023-11-27,"Cleveland Cavaliers","Brooklyn Nets",118,126,0,1
2023-11-27,"Cleveland Cavaliers","Chicago Bulls",110,115,0,1
2023-11-27,"Cleveland Cavaliers","Los Angeles Lakers",84,96,0,1
2023-11-28,"Cleveland Cavaliers","LA Clippers",87,101,0,1
2023-11-28,"Cleveland Cavaliers","Atlanta Hawks",148,131,1,0
2023-11-28,"Dallas Mavericks","New York Knicks",116,118,0,1
2023-11-28,"Dallas Mavericks","Utah Jazz",106,103,1,0
2023-11-28,"Dallas Mavericks","Chicago Bulls",104,102,1,0
2023-11-28,"Dallas Mavericks","Miami Heat",109,100,1,0
2023-11-29,"Dallas Mavericks","Portland Trail Blazers",117,112,1,0
2023-11-29,"Dallas Mavericks","Cleveland Cavaliers",122,107,1,0
2023-11-29,"Dallas Mavericks","Phoenix Suns",80,100,0,1
2023-11-29,"Dallas Mavericks","Milwaukee Bucks",112,123,0,1
2023-11-29,"Dallas Mavericks","Houston Rockets",106,110,0,1
2023-11-29,"Dallas Mavericks","Denver Nuggets",124,118,1,0
2023-11-29,"Dallas Mavericks","Golden State Warriors",108,106,1,0
2023-11-29,"Dallas Mavericks","Golden State Warriors",108,112,0,1
2023-11-29,"Dallas Mavericks","Sacramento Kings",115,121,0,1
2023-11-30,"Dallas Mavericks","Brooklyn Nets",113,117,0,1
2023-11-30,"Dallas Mavericks","New Orleans Pelicans",136,120,1,0
2023-11-30,"Dallas Mavericks","Orlando Magic",101,90,1,0
2023-11-30,"Dallas Mavericks","Miami Heat",117,112,1,0
2023-11-30,"Dallas Mavericks","Utah Jazz",104,108,0,1
2023-11-30,"Dallas Mavericks","Utah Jazz",99,103,0,1
2023-12-01,"Dallas Mavericks","Miami Heat",102,104,0,1
2023-12-01,"Dallas Mavericks","Washington Wizards",124,128,0,1
2023-12-01,"Dallas Mavericks","Sacramento Kings",113,115,0,1
2023-12-01,"Dallas Mavericks","Oklahoma City Thunder",105,108,0,1
2023-12-01,"Dallas Mavericks","Sacramento Kings",122,120,1,0
2023-12-01,"Dallas Mavericks","Milwaukee Bucks",95,104,0,1
2023-12-01,"Dallas Mavericks","Philadelphia 76ers",119,112,1,0
2023-12-01,"Dallas Mavericks","Portland Trail Blazers",127,126,1,0
2023-12-01,"Dallas Mavericks","Atlanta Hawks",93,106,0,1
2023-12-01,"Dallas Mavericks","Washington Wizards",98,101,0,1
2023-12-01,"Dallas Mavericks","Cleveland Cavaliers",110,104,1,0
2023-12-02,"Dallas Mavericks","Indiana Pacers",101,98,1,0
2023-12-02,"Dallas Mavericks","Golden State Warriors",120,113,1,0
2023-12-02,"Dallas Mavericks","Philadelphia 76ers",122,114,1,0
2023-12-02,"Dallas Mavericks","San Antonio Spurs",101,119,0,1
2023-12-02,"Dallas Mavericks","Philadelphia 76ers",140,130,1,0
2023-12-02,"Dallas Mavericks","Philadelphia 76ers",132,125,1,0
2023-12-02,"Dallas Mavericks","Oklahoma City Thunder",108,96,1,0
2023-12-02,"Dallas Mavericks","Phoenix Suns",117,132,0,1
2023-12-03,"Dallas Mavericks","Philadelphia 76ers",124,112,1,0
2023-12-03,"Dallas Mavericks","San Antonio Spurs",119,106,1,0
2023-12-03,"Dallas Mavericks","Los Angeles Lakers",124,130,0,1
2023-12-03,"Denver Nuggets","Chicago Bulls",102,115,0,1
2023-12-03,"Denver Nuggets","Indiana Pacers",132,129,1,0
2023-12-03,"Denver Nuggets","Miami Heat",111,110,1,0
2023-12-03,"Denver Nuggets","Orlando Magic",107,102,1,0
2023-12-03,"Denver Nuggets","Boston Celtics",83,88,0,1
2023-12-04,"Denver Nuggets","Sacramento Kings",123,122,1,0
2023-12-04,"Denver Nuggets","Cleveland Cavaliers",104,100,1,0
2023-12-04,"Denver Nuggets","Atlanta Hawks",130,120,1,0
2023-12-04,"Denver Nuggets","Memphis Grizzlies",104,111,0,1
2023-12-04,"Denver Nuggets","Milwaukee Bucks",128,115,1,0
2023-12-04,"Denver Nuggets","Minnesota Timberwolves",96,124,0,1
2023-12-04,"Denver Nuggets","Indiana Pacers",115,105,1,0
2023-12-04,"Denver Nuggets","Utah Jazz",94,105,0,1
2023-12-04,"Denver Nuggets","New Orleans Pelicans",94,107,0,1
2023-12-04,"Denver Nuggets","Phoenix Suns",117,122,0,1
2023-12-04,"Denver Nuggets","Boston Celtics",114,105,1,0
2023-12-04,"Denver Nuggets","San Antonio Spurs",111,108,1,0
2023-12-05,"Denver Nuggets","Houston Rockets",126,119,1,0
2023-12-05,"Denver Nuggets","Charlotte Hornets",113,119,0,1
2023-12-05,"Denver Nuggets","Oklahoma City Thunder",123,119,1,0
2023-12-05,"Denver Nuggets","Miami Heat",106,111,0,1
2023-12-05,"Denver Nuggets","Washington Wizards",113,118,0,1
2023-12-05,"Denver Nuggets","Dallas Mavericks",116,113,1,0
2023-12-06,"Denver Nuggets","Minnesota Timberwolves",97,103,0,1
2023-12-06,"Denver Nuggets","Toronto Raptors",131,130,1,0
2023-12-06,"Denver Nuggets","Chicago Bulls",77,90,0,1
2023-12-06,"Denver Nuggets","Philadelphia 76ers",115,119,0,1
2023-12-06,"Denver Nuggets","Oklahoma City Thunder",118,114,1,0
2023-12-06,"Denver Nuggets","New Orleans Pelicans",118,110,1,0
2023-12-06,"Denver Nuggets","San Antonio Spurs",91,103,0,1
2023-12-06,"Denver Nuggets","Golden State Warriors",89,107,0,1
2023-12-06,"Denver Nuggets","Indiana Pacers",125,130,0,1
2023-12-06,"Denver Nuggets","Utah Jazz",116,109,1,0
2023-12-07,"Denver Nuggets","Cleveland Cavaliers",113,106,1,0
2023-12-07,"Denver Nuggets","Houston Rockets",118,100,1,0
2023-12-07,"Denver Nuggets","Golden State Warriors",94,105,0,1
2023-12-07,"Denver Nuggets","Phoenix Suns",107,109,0,1
2023-12-07,"Denver Nuggets","San Antonio Spurs",103,95,1,0
2023-12-07,"Denver Nuggets","New York Knicks",126,123,1,0
2023-12-07,"Denver Nuggets","Golden State Warriors",123,111,1,0
2023-12-08,"Denver Nuggets","Indiana Pacers",118,126,0,1
2023-12-08,"Detroit Pistons","New York Knicks",130,121,1,0
2023-12-08,"Detroit Pistons","Utah Jazz",143,126,1,0
2023-12-09,"Detroit Pistons","Orlando Magic",91,95,0,1
2023-12-09,"Detroit Pistons","Charlotte Hornets",110,116,0,1
2023-12-09,"Detroit Pistons","Houston Rockets",112,106,1,0
2023-12-09,"Detroit Pistons","Philadelphia 76ers",98,109,0,1
2023-12-09,"Detroit Pistons","Sacramento Kings",96,103,0,1
2023-12-09,"Detroit Pistons","Philadelphia 76ers",105,112,0,1
2023-12-09,"Detroit Pistons","Toronto Raptors",102,111,0,1
2023-12-09,"Detroit Pistons","Minnesota Timberwolves",83,87,0,1
2023-12-10,"Detroit Pistons","Toronto Raptors",124,119,1,0
2023-12-10,"Detroit Pistons","Orlando Magic",110,112,0,1
2023-12-10,"Detroit Pistons","LA Clippers",101,99,1,0
2023-12-10,"Detroit Pistons","Orlando Magic",96,98,0,1
2023-12-10,"Detroit Pistons","Cleveland Cavaliers",105,102,1,0
2023-12-10,"Detroit Pistons","Miami Heat",88,93,0,1
2023-12-10,"Detroit Pistons","Golden State Warriors",122,112,1,0
2023-12-10,"Detroit Pistons","Houston Rockets",122,127,0,1
2023-12-10,"Detroit Pistons","Portland Trail Blazers",98,112,0,1
2023-12-11,"Detroit Pistons","New Orleans Pelicans",125,116,1,0
2023-12-11,"Detroit Pistons","Phoenix Suns",113,94,1,0
2023-12-11,"Detroit Pistons","Dallas Mavericks",101,93,1,0
2023-12-11,"Detroit Pistons","Memphis Grizzlies",104,100,1,0
2023-12-11,"Detroit Pistons","LA Clippers",98,118,0,1
2023-12-11,"Detroit Pistons","Orlando Magic",95,100,0,1
2023-12-11,"Detroit Pistons","New York Knicks",120,116,1,0
2023-12-11,"Detroit Pistons","Houston Rockets",122,108,1,0
2023-12-11,"Detroit Pistons","Sacramento Kings",118,114,1,0
2023-12-11,"Detroit Pistons","Sacramento Kings",82,99,0,1
2023-12-12,"Detroit Pistons","Chicago Bulls",97,100,0,1
2023-12-12,"Detroit Pistons","Boston Celtics",118,109,1,0
2023-12-12,"Detroit Pistons","Brooklyn Nets",92,108,0,1
2023-12-12,"Detroit Pistons","Boston Celtics",81,90,0,1
2023-12-12,"Detroit Pistons","Toronto Raptors",110,116,0,1
2023-12-12,"Detroit Pistons","Memphis Grizzlies",94,89,1,0
2023-12-13,"Detroit Pistons","Toronto Raptors",91,105,0,1
2023-12-13,"Detroit Pistons","Milwaukee Bucks",107,111,0,1
2023-12-13,"Detroit Pistons","Charlotte Hornets",118,102,1,0
2023-12-13,"Detroit Pistons","Portland Trail Blazers",104,95,1,0
2023-12-13,"Detroit Pistons","Orlando Magic",99,106,0,1
2023-12-13,"Detroit Pistons","Portland Trail Blazers",107,109,0,1
2023-12-13,"Golden State Warriors","Cleveland Cavaliers",91,100,0,1
2023-12-14,"Golden State Warriors","Oklahoma City Thunder",82,95,0,1
2023-12-14,"Golden State Warriors","Orlando Magic",102,97,1,0
2023-12-14,"Golden State Warriors","Oklahoma City Thunder",113,104,1,0
2023-12-15,"Golden State Warriors","Indiana Pacers",99,105,0,1
2023-12-15,"Golden State Warriors","San Antonio Spurs",134,126,1,0
2023-12-15,"Golden State Warriors","Atlanta Hawks",120,96,1,0
2023-12-15,"Golden State Warriors","Toronto Raptors",123,114,1,0
2023-12-15,"Golden State Warriors","Memphis Grizzlies",90,105,0,1
2023-12-16,"Golden State Warriors","Utah Jazz",112,111,1,0
2023-12-16,"Golden State Warriors","Atlanta Hawks",119,103,1,0
2023-12-16,"Golden State Warriors","Washington Wizards",118,119,0,1
2023-12-16,"Golden State Warriors","Charlotte Hornets",90,91,0,1
2023-12-16,"Golden State Warriors","Los Angeles Lakers",120,112,1,0
2023-12-16,"Golden State Warriors","Cleveland Cavaliers",117,110,1,0
2023-12-16,"Golden State Warriors","Philadelphia 76ers",121,122,0,1
2023-12-16,"Golden State Warriors","LA Clippers",117,108,1,0
2023-12-16,"Golden State Warriors","Washington Wizards",124,115,1,0
2023-12-16,"Golden State Warriors","Dallas Mavericks",107,114,0,1
2023-12-16,"Golden State Warriors","LA Clippers",121,103,1,0
2023-12-16,"Golden State Warriors","Chicago Bulls",128,109,1,0
2023-12-16,"Golden State Warriors","New Orleans Pelicans",101,109,0,1
2023-12-16,"Golden State Warriors","Dallas Mavericks",129,122,1,0
2023-12-17,"Golden State Warriors","Los Angeles Lakers",111,113,0,1
2023-12-17,"Golden State Warriors","San Antonio Spurs",101,113,0,1
2023-12-17,"Golden State Warriors","Philadelphia 76ers",145,136,1,0
2023-12-17,"Golden State Warriors","Boston Celtics",119,115,1,0
2023-12-17,"Golden State Warriors","Utah Jazz",134,114,1,0
2023-12-17,"Golden State Warriors","Brooklyn Nets",123,116,1,0
2023-12-18,"Golden State Warriors","Atlanta Hawks",136,127,1,0
2023-12-18,"Golden State Warriors","Miami Heat",123,121,1,0
2023-12-18,"Golden State Warriors","Washington Wizards",122,114,1,0
2023-12-18,"Golden State Warriors","Oklahoma City Thunder",96,103,0,1
2023-12-18,"Golden State Warriors","Indiana Pacers",111,114,0,1
2023-12-18,"Golden State Warriors","Detroit Pistons",95,112,0,1
2023-12-18,"Golden State Warriors","Philadelphia 76ers",96,90,1,0
2023-12-18,"Golden State Warriors","Houston Rockets",111,93,1,0
2023-12-18,"Golden State Warriors","Dallas Mavericks",96,90,1,0
2023-12-18,"Golden State Warriors","New York Knicks",137,126,1,0
2023-12-18,"Golden State Warriors","Utah Jazz",127,117,1,0
2023-12-18,"Golden State Warriors","New Orleans Pelicans",77,84,0,1
2023-12-18,"Houston Rockets","Sacramento Kings",132,115,1,0
2023-12-19,"Houston Rockets","LA Clippers",123,111,1,0
2023-12-19,"Houston Rockets","Golden State Warriors",118,107,1,0
2023-12-19,"Houston Rockets","Detroit Pistons",89,102,0,1
2023-12-19,"Houston Rockets","New York Knicks",103,96,1,0
2023-12-19,"Houston Rockets","Miami Heat",126,119,1,0
2023-12-19,"Houston Rockets","Memphis Grizzlies",92,104,0,1
2023-12-19,"Houston Rockets","Phoenix Suns",91,109,0,1
2023-12-20,"Houston Rockets","Brooklyn Nets",104,116,0,1
2023-12-20,"Houston Rockets","Philadelphia 76ers",127,116,1,0
2023-12-20,"Houston Rockets","Washington Wizards",120,106,1,0
2023-12-20,"Houston Rockets","Oklahoma City Thunder",102,104,0,1
2023-12-20,"Houston Rockets","Golden State Warriors",97,113,0,1
2023-12-20,"Houston Rockets","Boston Celtics",105,97,1,0
2023-12-20,"Houston Rockets","Phoenix Suns",104,113,0,1
2023-12-20,"Houston Rockets","Minnesota Timberwolves",110,112,0,1
2023-12-20,"Houston Rockets","New Orleans Pelicans",100,113,0,1
2023-12-20,"Houston Rockets","New York Knicks",104,107,0,1
2023-12-21,"Houston Rockets","Memphis Grizzlies",107,91,1,0
2023-12-21,"Houston Rockets","Minnesota Timberwolves",77,88,0,1
2023-12-21,"Houston Rockets","Golden State Warriors",98,96,1,0
2023-12-21,"Houston Rockets","Chicago Bulls",109,114,0,1
2023-12-21,"Houston Rockets","Los Angeles Lakers",117,108,1,0
2023-12-21,"Houston Rockets","New Orleans Pelicans",100,102,0,1
2023-12-21,"Houston Rockets","New York Knicks",112,101,1,0
2023-12-21,"Houston Rockets","New York Knicks",110,116,0,1
2023-12-22,"Houston Rockets","Golden State Warriors",82,92,0,1
2023-12-22,"Houston Rockets","Milwaukee Bucks",128,118,1,0
2023-12-22,"Houston Rockets","Boston Celtics",100,115,0,1
2023-12-22,"Houston Rockets","San Antonio Spurs",94,100,0,1
2023-12-22,"Houston Rockets","Charlotte Hornets",112,109,1,0
2023-12-22,"Houston Rockets","Sacramento Kings",112,120,0,1
2023-12-22,"Houston Rockets","San Antonio Spurs",124,125,0,1
2023-12-22,"Houston Rockets","Washington Wizards",124,126,0,1
2023-12-22,"Houston Rockets","Dallas Mavericks",122,114,1,0
2023-12-22,"Houston Rockets","Atlanta Hawks",112,108,1,0
2023-12-23,"Houston Rockets","Memphis Grizzlies",108,115,0,1
2023-12-23,"Houston Rockets","Oklahoma City Thunder",111,107,1,0
2023-12-23,"Houston Rockets","Philadelphia 76ers",107,99,1,0
2023-12-23,"Houston Rockets","New York Knicks",123,119,1,0
2023-12-23,"Houston Rockets","LA Clippers",134,118,1,0
2023-12-24,"Indiana Pacers","New York Knicks",121,124,0,1
2023-12-24,"Indiana Pacers","Cleveland Cavaliers",112,128,0,1
2023-12-24,"Indiana Pacers","LA Clippers",132,126,1,0
2023-12-24,"Indiana Pacers","Sacramento Kings",112,119,0,1
2023-12-24,"Indiana Pacers","Golden State Warriors",140,110,1,0
2023-12-25,"Indiana Pacers","Dallas Mavericks",114,109,1,0
2023-12-25,"Indiana Pacers","New York Knicks",110,105,1,0
2023-12-25,"Indiana Pacers","Sacramento Kings",104,101,1,0
2023-12-26,"Indiana Pacers","Boston Celtics",100,106,0,1
2023-12-26,"Indiana Pacers","Cleveland Cavaliers",142,117,1,0
2023-12-26,"Indiana Pacers","Detroit Pistons",131,114,1,0
2023-12-26,"Indiana Pacers","Portland Trail Blazers",91,97,0,1
2023-12-26,"Indiana Pacers","Houston Rockets",132,123,1,0
2023-12-26,"Indiana Pacers","Cleveland Cavaliers",131,124,1,0
2023-12-26,"Indiana Pacers","Chicago Bulls",137,126,1,0
2023-12-26,"Indiana Pacers","Memphis Grizzlies",105,97,1,0
2023-12-27,"Indiana Pacers","Golden State Warriors",92,105,0,1
2023-12-28,"Indiana Pacers","Miami Heat",101,105,0,1
2023-12-28,"Indiana Pacers","Atlanta Hawks",107,105,1,0
2023-12-28,"Indiana Pacers","Detroit Pistons",107,104,1,0
2023-12-28,"Indiana Pacers","Golden State Warriors",89,104,0,1
2023-12-28,"Indiana Pacers","Minnesota Timberwolves",96,99,0,1
2023-12-28,"Indiana Pacers","LA Clippers",108,104,1,0
2023-12-28,"Indiana Pacers","Philadelphia 76ers",102,106,0,1
2023-12-29,"Indiana Pacers","Atlanta Hawks",122,112,1,0
2023-12-29,"Indiana Pacers","Houston Rockets",129,117,1,0
2023-12-29,"Indiana Pacers","Sacramento Kings",144,121,1,0
2023-12-29,"Indiana Pacers","Charlotte Hornets",106,101,1,0
2023-12-29,"Indiana Pacers","Brooklyn Nets",112,110,1,0
2023-12-29,"Indiana Pacers","Toronto Raptors",127,136,0,1
2023-12-30,"Indiana Pacers","Orlando Magic",104,105,0,1
2023-12-30,"Indiana Pacers","Cleveland Cavaliers",134,118,1,0
2023-12-30,"Indiana Pacers","Washington Wizards",105,102,1,0
2023-12-30,"Indiana Pacers","Toronto Raptors",138,122,1,0
2023-12-30,"Indiana Pacers","Chicago Bulls",113,116,0,1
2023-12-30,"Indiana Pacers","Golden State Warriors",103,100,1,0
2023-12-30,"Indiana Pacers","Oklahoma City Thunder",98,121,0,1
2023-12-31,"Indiana Pacers","Boston Celtics",121,122,0,1
2023-12-31,"Indiana Pacers","Phoenix Suns",134,120,1,0
2023-12-31,"Indiana Pacers","Charlotte Hornets",87,80,1,0
2023-12-31,"Indiana Pacers","Sacramento Kings",123,112,1,0
2023-12-31,"LA Clippers","Sacramento Kings",125,127,0,1
2024-01-01,"LA Clippers","Oklahoma City Thunder",102,108,0,1
2024-01-01,"LA Clippers","Detroit Pistons",99,103,0,1
2024-01-01,"LA Clippers","Toronto Raptors",124,108,1,0
2024-01-02,"LA Clippers","Memphis Grizzlies",74,84,0,1
2024-01-02,"LA Clippers","Memphis Grizzlies",107,97,1,0
2024-01-02,"LA Clippers","Brooklyn Nets",112,109,1,0
2024-01-02,"LA Clippers","New Orleans Pelicans",128,119,1,0
2024-01-02,"LA Clippers","Golden State Warriors",108,112,0,1
2024-01-02,"LA Clippers","Atlanta Hawks",119,117,1,0
2024-01-03,"LA Clippers","Denver Nuggets",114,99,1,0
2024-01-03,"LA Clippers","Oklahoma City Thunder",123,126,0,1
2024-01-03,"LA Clippers","Orlando Magic",105,123,0,1
2024-01-03,"LA Clippers","Chicago Bulls",102,117,0,1
2024-01-03,"LA Clippers","Cleveland Cavaliers",104,108,0,1
2024-01-03,"LA Clippers","Washington Wizards",128,119,1,0
2024-01-03,"LA Clippers","Memphis Grizzlies",114,103,1,0
2024-01-03,"LA Clippers","Charlotte Hornets",114,100,1,0
2024-01-03,"LA Clippers","Toronto Raptors",78,85,0,1
2024-01-04,"LA Clippers","Detroit Pistons",94,112,0,1
2024-01-04,"LA Clippers","Denver Nuggets",88,85,1,0
2024-01-04,"LA Clippers","Phoenix Suns",104,110,0,1
2024-01-04,"LA Clippers","Milwaukee Bucks",125,115,1,0
2024-01-04,"LA Clippers","San Antonio Spurs",114,119,0,1
2024-01-04,"LA Clippers","Indiana Pacers",125,121,1,0
2024-01-05,"LA Clippers","Golden State Warriors",104,117,0,1
2024-01-05,"LA Clippers","Memphis Grizzlies",103,101,1,0
2024-01-05,"LA Clippers","Phoenix Suns",107,120,0,1
2024-01-05,"LA Clippers","Houston Rockets",118,111,1,0
2024-01-05,"LA Clippers","Phoenix Suns",82,89,0,1
2024-01-05,"LA Clippers","Philadelphia 76ers",118,109,1,0
2024-01-05,"LA Clippers","Sacramento Kings",97,90,1,0
2024-01-05,"LA Clippers","Toronto Raptors",112,98,1,0
2024-01-05,"LA Clippers","Boston Celtics",111,103,1,0
2024-01-06,"LA Clippers","Milwaukee Bucks",91,104,0,1
2024-01-06,"LA Clippers","Memphis Grizzlies",111,120,0,1
2024-01-06,"LA Clippers","Sacramento Kings",112,109,1,0
2024-01-06,"LA Clippers","Utah Jazz",106,100,1,0
2024-01-06,"LA Clippers","Miami Heat",109,103,1,0
2024-01-07,"LA Clippers","Minnesota Timberwolves",86,104,0,1
2024-01-07,"LA Clippers","Cleveland Cavaliers",115,112,1,0
2024-01-07,"Los Angeles Lakers","Phoenix Suns",133,116,1,0
2024-01-07,"Los Angeles Lakers","Washington Wizards",126,105,1,0
2024-01-07,"Los Angeles Lakers","New York Knicks",115,106,1,0
2024-01-08,"Los Angeles Lakers","Golden State Warriors",100,116,0,1
2024-01-08,"Los Angeles Lakers","LA Clippers",96,100,0,1
2024-01-08,"Los Angeles Lakers","Cleveland Cavaliers",101,108,0,1
2024-01-08,"Los Angeles Lakers","Atlanta Hawks",116,108,1,0
2024-01-08,"Los Angeles Lakers","Houston Rockets",100,102,0,1
2024-01-08,"Los Angeles Lakers","LA Clippers",109,103,1,0
2024-01-09,"Los Angeles Lakers","San Antonio Spurs",122,107,1,0
2024-01-09,"Los Angeles Lakers","San Antonio Spurs",93,100,0,1
2024-01-09,"Los Angeles Lakers","Golden State Warriors",94,109,0,1
2024-01-09,"Los Angeles Lakers","Toronto Raptors",84,96,0,1
2024-01-09,"Los Angeles Lakers","LA Clippers",112,114,0,1
2024-01-09,"Los Angeles Lakers","Miami Heat",108,105,1,0
2024-01-09,"Los Angeles Lakers","Minnesota Timberwolves",122,119,1,0
2024-01-09,"Los Angeles Lakers","Miami Heat",116,115,1,0
2024-01-09,"Los Angeles Lakers","Denver Nuggets",100,104,0,1
2024-01-10,"Los Angeles Lakers","Charlotte Hornets",111,106,1,0
2024-01-10,"Los Angeles Lakers","Cleveland Cavaliers",96,117,0,1
2024-01-10,"Los Angeles Lakers","Golden State Warriors",120,118,1,0
2024-01-10,"Los Angeles Lakers","Utah Jazz",127,115,1,0
2024-01-10,"Los Angeles Lakers","Toronto Raptors",89,114,0,1
2024-01-10,"Los Angeles Lakers","Oklahoma City Thunder",77,90,0,1
2024-01-11,"Los Angeles Lakers","Portland Trail Blazers",109,111,0,1
2024-01-11,"Los Angeles Lakers","Sacramento Kings",95,94,1,0
2024-01-11,"Los Angeles Lakers","Portland Trail Blazers",123,111,1,0
2024-01-12,"Los Angeles Lakers","Milwaukee Bucks",107,103,1,0
2024-01-12,"Los Angeles Lakers","Indiana Pacers",105,109,0,1
2024-01-12,"Los Angeles Lakers","Milwaukee Bucks",100,97,1,0
2024-01-12,"Los Angeles Lakers","New York Knicks",104,108,0,1
2024-01-12,"Los Angeles Lakers","Brooklyn Nets",120,127,0,1
2024-01-12,"Los Angeles Lakers","Portland Trail Blazers",154,130,1,0
2024-01-12,"Los Angeles Lakers","Orlando Magic",94,83,1,0
2024-01-12,"Los Angeles Lakers","Dallas Mavericks",96,92,1,0
2024-01-13,"Los Angeles Lakers","Brooklyn Nets",99,94,1,0
2024-01-13,"Los Angeles Lakers","Golden State Warriors",101,96,1,0
2024-01-13,"Los Angeles Lakers","Orlando Magic",145,133,1,0
2024-01-13,"Los Angeles Lakers","Golden State Warriors",119,121,0,1
2024-01-13,"Los Angeles Lakers","Dallas Mavericks",123,109,1,0
2024-01-14,"Los Angeles Lakers","New York Knicks",130,121,1,0
2024-01-14,"Memphis Grizzlies","Washington Wizards",126,135,0,1
2024-01-14,"Memphis Grizzlies","LA Clippers",106,117,0,1
2024-01-14,"Memphis Grizzlies","Golden State Warriors",131,130,1,0
2024-01-14,"Memphis Grizzlies","Phoenix Suns",109,97,1,0
2024-01-14,"Memphis Grizzlies","Los Angeles Lakers",101,98,1,0
2024-01-14,"Memphis Grizzlies","Portland Trail Blazers",128,122,1,0
2024-01-15,"Memphis Grizzlies","Washington Wizards",113,120,0,1
2024-01-15,"Memphis Grizzlies","Portland Trail Blazers",105,120,0,1
2024-01-15,"Memphis Grizzlies","Houston Rockets",92,115,0,1
2024-01-15,"Memphis Grizzlies","LA Clippers",94,105,0,1
2024-01-15,"Memphis Grizzlies","Brooklyn Nets",137,120,1,0
2024-01-15,"Memphis Grizzlies","Golden State Warriors",118,130,0,1
2024-01-15,"Memphis Grizzlies","New York Knicks",122,124,0,1
2024-01-15,"Memphis Grizzlies","Boston Celtics",93,95,0,1
2024-01-15,"Memphis Grizzlies","Dallas Mavericks",111,115,0,1
2024-01-15,"Memphis Grizzlies","Oklahoma City Thunder",106,110,0,1
2024-01-16,"Memphis Grizzlies","Orlando Magic",106,111,0,1
2024-01-16,"Memphis Grizzlies","Orlando Magic",116,108,1,0
2024-01-16,"Memphis Grizzlies","Houston Rockets",106,96,1,0
2024-01-16,"Memphis Grizzlies","San Antonio Spurs",125,114,1,0
2024-01-16,"Memphis Grizzlies","Houston Rockets",120,125,0,1
2024-01-17,"Memphis Grizzlies","San Antonio Spurs",132,128,1,0
2024-01-17,"Memphis Grizzlies","Atlanta Hawks",117,115,1,0
2024-01-17,"Memphis Grizzlies","Orlando Magic",89,102,0,1
2024-01-17,"Memphis Grizzlies","Cleveland Cavaliers",95,104,0,1
2024-01-17,"Memphis Grizzlies","San Antonio Spurs",107,103,1,0
2024-01-17,"Memphis Grizzlies","Phoenix Suns",114,117,0,1
2024-01-17,"Memphis Grizzlies","Golden State Warriors",119,107,1,0
2024-01-17,"Memphis Grizzlies","Detroit Pistons",150,142,1,0
2024-01-17,"Memphis Grizzlies","Utah Jazz",119,107,1,0
2024-01-17,"Memphis Grizzlies","Indiana Pacers",106,112,0,1
2024-01-18,"Memphis Grizzlies","Utah Jazz",117,108,1,0
2024-01-19,"Memphis Grizzlies","LA Clippers",112,103,1,0
2024-01-19,"Memphis Grizzlies","New Orleans Pelicans",109,119,0,1
2024-01-19,"Memphis Grizzlies","Miami Heat",92,104,0,1
2024-01-19,"Memphis Grizzlies","Orlando Magic",112,110,1,0
2024-01-19,"Memphis Grizzlies","Atlanta Hawks",99,107,0,1
2024-01-19,"Memphis Grizzlies","Houston Rockets",68,79,0,1
2024-01-19,"Memphis Grizzlies","Denver Nuggets",127,117,1,0
2024-01-19,"Memphis Grizzlies","LA Clippers",118,112,1,0
2024-01-19,"Memphis Grizzlies","Los Angeles Lakers",91,101,0,1
2024-01-19,"Miami Heat","Boston Celtics",129,125,1,0
2024-01-19,"Miami Heat","Cleveland Cavaliers",101,96,1,0
2024-01-20,"Miami Heat","LA Clippers",96,90,1,0
2024-01-20,"Miami Heat","Brooklyn Nets",113,102,1,0
2024-01-21,"Miami Heat","Utah Jazz",119,97,1,0
2024-01-21,"Miami Heat","LA Clippers",128,119,1,0
2024-01-21,"Miami Heat","Milwaukee Bucks",116,111,1,0
2024-01-21,"Miami Heat","New York Knicks",108,106,1,0
2024-01-21,"Miami Heat","Milwaukee Bucks",99,110,0,1
2024-01-21,"Miami Heat","LA Clippers",98,100,0,1
2024-01-21,"Miami Heat","LA Clippers",135,112,1,0
2024-01-22,"Miami Heat","Denver Nuggets",120,112,1,0
2024-01-22,"Miami Heat","Sacramento Kings",118,109,1,0
2024-01-22,"Miami Heat","Washington Wizards",112,110,1,0
2024-01-22,"Miami Heat","Phoenix Suns",103,98,1,0
2024-01-22,"Miami Heat","LA Clippers",129,120,1,0
2024-01-22,"Miami Heat","Cleveland Cavaliers",80,94,0,1
2024-01-22,"Miami Heat","Cleveland Cavaliers",131,135,0,1
2024-01-22,"Miami Heat","Denver Nuggets",133,128,1,0
2024-01-22,"Miami Heat","San Antonio Spurs",124,116,1,0
2024-01-22,"Miami Heat","Chicago Bulls",86,95,0,1
2024-01-22,"Miami Heat","Phoenix Suns",109,115,0,1
2024-01-22,"Miami Heat","Detroit Pistons",70,92,0,1
2024-01-23,"Miami Heat","Golden State Warriors",101,107,0,1
2024-01-23,"Miami Heat","Toronto Raptors",104,119,0,1
2024-01-23,"Miami Heat","Utah Jazz",132,119,1,0
2024-01-23,"Miami Heat","San Antonio Spurs",104,110,0,1
2024-01-23,"Miami Heat","Houston Rockets",112,107,1,0
2024-01-23,"Miami Heat","Toronto Raptors",122,113,1,0
2024-01-23,"Miami Heat","Phoenix Suns",90,92,0,1
2024-01-24,"Miami Heat","Atlanta Hawks",99,106,0,1
2024-01-24,"Miami Heat","Philadelphia 76ers",122,130,0,1
2024-01-24,"Miami Heat","Memphis Grizzlies",87,91,0,1
2024-01-24,"Miami Heat","Charlotte Hornets",135,128,1,0
2024-01-24,"Miami Heat","Utah Jazz",118,116,1,0
2024-01-24,"Miami Heat","Dallas Mavericks",114,106,1,0
2024-01-24,"Miami Heat","Houston Rockets",146,135,1,0
2024-01-24,"Miami Heat","Golden State Warriors",119,110,1,0
2024-01-25,"Miami Heat","Denver Nuggets",137,131,1,0
2024-01-25,"Miami Heat","Utah Jazz",93,110,0,1
2024-01-25,"Miami Heat","Brooklyn Nets",110,116,0,1
2024-01-26,"Milwaukee Bucks","LA Clippers",118,104,1,0
2024-01-26,"Milwaukee Bucks","Oklahoma City Thunder",110,100,1,0
2024-01-26,"Milwaukee Bucks","Phoenix Suns",82,88,0,1
2024-01-26,"Milwaukee Bucks","Portland Trail Blazers",105,103,1,0
2024-01-26,"Milwaukee Bucks","Miami Heat",123,118,1,0
2024-01-26,"Milwaukee Bucks","Denver Nuggets",101,98,1,0
2024-01-26,"Milwaukee Bucks","Brooklyn Nets",88,97,0,1
2024-01-27,"Milwaukee Bucks","Detroit Pistons",115,105,1,0
2024-01-27,"Milwaukee Bucks","Miami Heat",120,112,1,0
2024-01-27,"Milwaukee Bucks","Houston Rockets",120,105,1,0
2024-01-28,"Milwaukee Bucks","LA Clippers",129,123,1,0
2024-01-28,"Milwaukee Bucks","Dallas Mavericks",117,113,1,0
2024-01-28,"Milwaukee Bucks","New Orleans Pelicans",117,110,1,0
2024-01-28,"Milwaukee Bucks","Dallas Mavericks",83,98,0,1
2024-01-28,"Milwaukee Bucks","Orlando Magic",107,100,1,0
2024-01-28,"Milwaukee Bucks","Chicago Bulls",122,115,1,0
2024-01-28,"Milwaukee Bucks","Portland Trail Blazers",96,106,0,1
2024-01-28,"Milwaukee Bucks","Oklahoma City Thunder",126,122,1,0
2024-01-28,"Milwaukee Bucks","New Orleans Pelicans",108,92,1,0
2024-01-29,"Milwaukee Bucks","Dallas Mavericks",137,114,1,0
2024-01-29,"Milwaukee Bucks","Minnesota Timberwolves",107,104,1,0
2024-01-29,"Milwaukee Bucks","San Antonio Spurs",128,126,1,0
2024-01-29,"Milwaukee Bucks","Brooklyn Nets",125,115,1,0
2024-01-29,"Milwaukee Bucks","Miami Heat",93,99,0,1
2024-01-29,"Milwaukee Bucks","Denver Nuggets",99,96,1,0
2024-01-29,"Milwaukee Bucks","New York Knicks",125,113,1,0
2024-01-29,"Milwaukee Bucks","New Orleans Pelicans",110,107,1,0
2024-01-29,"Milwaukee Bucks","Golden State Warriors",116,109,1,0
2024-01-29,"Milwaukee Bucks","Memphis Grizzlies",117,108,1,0
2024-01-29,"Milwaukee Bucks","Washington Wizards",122,117,1,0
2024-01-30,"Milwaukee Bucks","Indiana Pacers",97,98,0,1
2024-01-30,"Milwaukee Bucks","Brooklyn Nets",150,148,1,0
2024-01-30,"Milwaukee Bucks","Oklahoma City Thunder",107,113,0,1
2024-01-30,"Milwaukee Bucks","Miami Heat",107,104,1,0
2024-01-30,"Milwaukee Bucks","Washington Wizards",116,108,1,0
2024-01-30,"Milwaukee Bucks","Philadelphia 76ers",119,116,1,0
2024-01-30,"Milwaukee Bucks","Golden State Warriors",104,117,0,1
2024-01-30,"Milwaukee Bucks","Boston Celtics",86,90,0,1
2024-01-30,"Milwaukee Bucks","Denver Nuggets",103,87,1,0
2024-01-31,"Milwaukee Bucks","Atlanta Hawks",116,109,1,0
2024-01-31,"Milwaukee Bucks","LA Clippers",123,119,1,0
2024-01-31,"Minnesota Timberwolves","Dallas Mavericks",125,112,1,0
2024-01-31,"Minnesota Timberwolves","Houston Rockets",123,121,1,0
2024-01-31,"Minnesota Timberwolves","Houston Rockets",112,114,0,1
2024-02-01,"Minnesota Timberwolves","LA Clippers",117,115,1,0
2024-02-01,"Minnesota Timberwolves","Chicago Bulls",119,128,0,1
2024-02-01,"Minnesota Timberwolves","Boston Celtics",92,98,0,1
2024-02-01,"Minnesota Timberwolves","Memphis Grizzlies",94,101,0,1
2024-02-01,"Minnesota Timberwolves","Chicago Bulls",119,114,1,0
2024-02-01,"Minnesota Timberwolves","Los Angeles Lakers",108,113,0,1
2024-02-01,"Minnesota Timberwolves","Chicago Bulls",95,86,1,0
2024-02-02,"Minnesota Timberwolves","San Antonio Spurs",115,116,0,1
2024-02-02,"Minnesota Timberwolves","Milwaukee Bucks",104,96,1,0
2024-02-02,"Minnesota Timberwolves","Utah Jazz",100,97,1,0
2024-02-02,"Minnesota Timberwolves","New Orleans Pelicans",131,129,1,0
2024-02-02,"Minnesota Timberwolves","Toronto Raptors",110,123,0,1
2024-02-02,"Minnesota Timberwolves","Philadelphia 76ers",94,102,0,1
2024-02-02,"Minnesota Timberwolves","Milwaukee Bucks",120,128,0,1
2024-02-02,"Minnesota Timberwolves","New Orleans Pelicans",107,104,1,0
2024-02-02,"Minnesota Timberwolves","Dallas Mavericks",129,121,1,0
2024-02-02,"Minnesota Timberwolves","LA Clippers",127,125,1,0
2024-02-03,"Minnesota Timberwolves","Boston Celtics",129,125,1,0
2024-02-03,"Minnesota Timberwolves","Indiana Pacers",131,124,1,0
2024-02-03,"Minnesota Timberwolves","Brooklyn Nets",112,107,1,0
2024-02-03,"Minnesota Timberwolves","Oklahoma City Thunder",87,104,0,1
2024-02-03,"Minnesota Timberwolves","San Antonio Spurs",108,124,0,1
2024-02-04,"Minnesota Timberwolves","Sacramento Kings",129,109,1,0
2024-02-04,"Minnesota Timberwolves","Denver Nuggets",109,102,1,0
2024-02-04,"Minnesota Timberwolves","Oklahoma City Thunder",107,99,1,0
2024-02-04,"Minnesota Timberwolves","Utah Jazz",113,124,0,1
2024-02-04,"Minnesota Timberwolves","Phoenix Suns",123,118,1,0
2024-02-04,"Minnesota Timberwolves","Los Angeles Lakers",139,126,1,0
2024-02-04,"Minnesota Timberwolves","Atlanta Hawks",106,103,1,0
2024-02-05,"Minnesota Timberwolves","Portland Trail Blazers",90,113,0,1
2024-02-05,"Minnesota Timberwolves","Los Angeles Lakers",101,98,1,0
2024-02-06,"Minnesota Timberwolves","Orlando Magic",109,111,0,1
2024-02-06,"Minnesota Timberwolves","Portland Trail Blazers",89,101,0,1
2024-02-06,"Minnesota Timberwolves","New Orleans Pelicans",126,114,1,0
2024-02-06,"Minnesota Timberwolves","Portland Trail Blazers",107,110,0,1
2024-02-06,"Minnesota Timberwolves","Boston Celtics",131,126,1,0
2024-02-06,"Minnesota Timberwolves","Chicago Bulls",128,113,1,0
2024-02-06,"Minnesota Timberwolves","Golden State Warriors",122,106,1,0
2024-02-06,"New Orleans Pelicans","Indiana Pacers",102,91,1,0
2024-02-06,"New Orleans Pelicans","Brooklyn Nets",94,105,0,1
2024-02-06,"New Orleans Pelicans","San Antonio Spurs",106,104,1,0
2024-02-06,"New Orleans Pelicans","Minnesota Timberwolves",114,123,0,1
2024-02-06,"New Orleans Pelicans","Minnesota Timberwolves",109,115,0,1
2024-02-06,"New Orleans Pelicans","Minnesota Timberwolves",97,104,0,1
2024-02-06,"New Orleans Pelicans","Memphis Grizzlies",120,113,1,0
2024-02-07,"New Orleans Pelicans","Atlanta Hawks",92,111,0,1
2024-02-07,"New Orleans Pelicans","Denver Nuggets",129,114,1,0
2024-02-07,"New Orleans Pelicans","New York Knicks",94,107,0,1
2024-02-07,"New Orleans Pelicans","Denver Nuggets",135,123,1,0
2024-02-07,"New Orleans Pelicans","Oklahoma City Thunder",125,124,1,0
2024-02-07,"New Orleans Pelicans","New York Knicks",103,97,1,0
2024-02-07,"New Orleans Pelicans","Boston Celtics",105,121,0,1
2024-02-07,"New Orleans Pelicans","Orlando Magic",96,102,0,1
2024-02-07,"New Orleans Pelicans","Oklahoma City Thunder",103,112,0,1
2024-02-07,"New Orleans Pelicans","New York Knicks",108,121,0,1
2024-02-07,"New Orleans Pelicans","Washington Wizards",111,115,0,1
2024-02-08,"New Orleans Pelicans","San Antonio Spurs",115,110,1,0
2024-02-08,"New Orleans Pelicans","Houston Rockets",106,111,0,1
2024-02-08,"New Orleans Pelicans","Memphis Grizzlies",127,135,0,1
2024-02-09,"New Orleans Pelicans","Minnesota Timberwolves",106,126,0,1
2024-02-09,"New Orleans Pelicans","Denver Nuggets",86,110,0,1
2024-02-09,"New Orleans Pelicans","Portland Trail Blazers",120,106,1,0
2024-02-09,"New Orleans Pelicans","Golden State Warriors",132,130,1,0
2024-02-09,"New Orleans Pelicans","Washington Wizards",104,111,0,1
2024-02-09,"New Orleans Pelicans","Boston Celtics",128,114,1,0
2024-02-09,"New Orleans Pelicans","Philadelphia 76ers",137,124,1,0
2024-02-10,"New Orleans Pelicans","Charlotte Hornets",108,103,1,0
2024-02-10,"New Orleans Pelicans","Phoenix Suns",121,105,1,0
2024-02-10,"New Orleans Pelicans","Milwaukee Bucks",109,106,1,0
2024-02-10,"New Orleans Pelicans","Indiana Pacers",103,112,0,1
2024-02-10,"New Orleans Pelicans","Phoenix Suns",84,83,1,0
2024-02-10,"New Orleans Pelicans","Oklahoma City Thunder",101,105,0,1
2024-02-10,"New Orleans Pelicans","New York Knicks",115,118,0,1
2024-02-10,"New Orleans Pelicans","Dallas Mavericks",115,113,1,0
2024-02-11,"New Orleans Pelicans","Detroit Pistons",128,114,1,0
2024-02-11,"New Orleans Pelicans","New York Knicks",106,93,1,0
2024-02-11,"New Orleans Pelicans","Orlando Magic",114,112,1,0
2024-02-11,"New Orleans Pelicans","Houston Rockets",110,109,1,0
2024-02-11,"New Orleans Pelicans","Houston Rockets",112,110,1,0
2024-02-11,"New York Knicks","Indiana Pacers",113,120,0,1
2024-02-11,"New York Knicks","Milwaukee Bucks",133,126,1,0
2024-02-12,"New York Knicks","Boston Celtics",121,107,1,0
2024-02-12,"New York Knicks","Oklahoma City Thunder",95,103,0,1
2024-02-12,"New York Knicks","Dallas Mavericks",86,107,0,1
2024-02-12,"New York Knicks","Milwaukee Bucks",134,119,1,0
2024-02-12,"New York Knicks","Charlotte Hornets",116,109,1,0
2024-02-12,"New York Knicks","LA Clippers",106,105,1,0
2024-02-12,"New York Knicks","New Orleans Pelicans",132,109,1,0
2024-02-12,"New York Knicks","Atlanta Hawks",123,125,0,1
2024-02-12,"New York Knicks","Utah Jazz",108,100,1,0
2024-02-12,"New York Knicks","Milwaukee Bucks",119,107,1,0
2024-02-12,"New York Knicks","Charlotte Hornets",114,98,1,0
2024-02-13,"New York Knicks","Sacramento Kings",151,135,1,0
2024-02-13,"New York Knicks","Boston Celtics",108,105,1,0
2024-02-13,"New York Knicks","Toronto Raptors",121,120,1,0
2024-02-13,"New York Knicks","Washington Wizards",103,110,0,1
2024-02-13,"New York Knicks","San Antonio Spurs",111,108,1,0
2024-02-13,"New York Knicks","Sacramento Kings",109,106,1,0
2024-02-13,"New York Knicks","Orlando Magic",107,101,1,0
2024-02-13,"New York Knicks","Denver Nuggets",118,125,0,1
2024-02-13,"New York Knicks","Brooklyn Nets",119,117,1,0
2024-02-14,"New York Knicks","San Antonio Spurs",100,110,0,1
2024-02-14,"New York Knicks","LA Clippers",80,98,0,1
2024-02-14,"New York Knicks","Boston Celtics",95,105,0,1
2024-02-14,"New York Knicks","Phoenix Suns",121,120,1,0
2024-02-15,"New York Knicks","Charlotte Hornets",111,99,1,0
2024-02-15,"New York Knicks","Detroit Pistons",95,104,0,1
2024-02-15,"New York Knicks","Houston Rockets",133,119,1,0
2024-02-15,"New York Knicks","Utah Jazz",111,114,0,1
2024-02-15,"New York Knicks","Golden State Warriors",106,103,1,0
2024-02-15,"New York Knicks","Los Angeles Lakers",116,128,0,1
2024-02-15,"New York Knicks","Toronto Raptors",100,97,1,0
2024-02-15,"New York Knicks","Atlanta Hawks",147,126,1,0
2024-02-15,"New York Knicks","Atlanta Hawks",120,119,1,0
2024-02-15,"New York Knicks","Los Angeles Lakers",103,87,1,0
2024-02-15,"New York Knicks","Oklahoma City Thunder",103,114,0,1
2024-02-15,"New York Knicks","San Antonio Spurs",115,119,0,1
2024-02-15,"New York Knicks","Orlando Magic",104,101,1,0
2024-02-15,"New York Knicks","Utah Jazz",98,110,0,1
2024-02-15,"New York Knicks","Houston Rockets",83,92,0,1
2024-02-16,"Oklahoma City Thunder","Detroit Pistons",106,100,1,0
2024-02-16,"Oklahoma City Thunder","New Orleans Pelicans",109,112,0,1
2024-02-16,"Oklahoma City Thunder","Chicago Bulls",98,113,0,1
2024-02-16,"Oklahoma City Thunder","Orlando Magic",120,109,1,0
2024-02-17,"Oklahoma City Thunder","Boston Celtics",104,101,1,0
2024-02-17,"Oklahoma City Thunder","Detroit Pistons",120,117,1,0
2024-02-17,"Oklahoma City Thunder","Brooklyn Nets",131,125,1,0
2024-02-17,"Oklahoma City Thunder","Portland Trail Blazers",108,103,1,0
2024-02-17,"Oklahoma City Thunder","Indiana Pacers",109,111,0,1
2024-02-17,"Oklahoma City Thunder","Boston Celtics",90,104,0,1
2024-02-17,"Oklahoma City Thunder","Toronto Raptors",110,109,1,0
2024-02-17,"Oklahoma City Thunder","Portland Trail Blazers",126,112,1,0
2024-02-17,"Oklahoma City Thunder","Washington Wizards",90,109,0,1
2024-02-17,"Oklahoma City Thunder","Utah Jazz",112,106,1,0
2024-02-18,"Oklahoma City Thunder","Miami Heat",99,105,0,1
2024-02-18,"Oklahoma City Thunder","Minnesota Timberwolves",99,110,0,1
2024-02-18,"Oklahoma City Thunder","Philadelphia 76ers",118,108,1,0
2024-02-18,"Oklahoma City Thunder","San Antonio Spurs",114,104,1,0
2024-02-18,"Oklahoma City Thunder","Milwaukee Bucks",122,114,1,0
2024-02-18,"Oklahoma City Thunder","New York Knicks",110,114,0,1
2024-02-18,"Oklahoma City Thunder","Denver Nuggets",93,112,0,1
2024-02-19,"Oklahoma City Thunder","Denver Nuggets",104,98,1,0
2024-02-19,"Oklahoma City Thunder","New Orleans Pelicans",106,114,0,1
2024-02-19,"Oklahoma City Thunder","Memphis Grizzlies",109,115,0,1
2024-02-20,"Oklahoma City Thunder","Sacramento Kings",118,107,1,0
2024-02-20,"Oklahoma City Thunder","San Antonio Spurs",109,116,0,1
2024-02-20,"Oklahoma City Thunder","Cleveland Cavaliers",117,124,0,1
2024-02-20,"Oklahoma City Thunder","Brooklyn Nets",128,114,1,0
2024-02-20,"Oklahoma City Thunder","Atlanta Hawks",125,118,1,0
2024-02-21,"Oklahoma City Thunder","Memphis Grizzlies",140,124,1,0
2024-02-21,"Oklahoma City Thunder","Charlotte Hornets",136,128,1,0
2024-02-21,"Oklahoma City Thunder","Utah Jazz",118,105,1,0
2024-02-21,"Oklahoma City Thunder","Detroit Pistons",103,106,0,1
2024-02-21,"Oklahoma City Thunder","Atlanta Hawks",119,106,1,0
2024-02-21,"Oklahoma City Thunder","Houston Rockets",126,122,1,0
2024-02-21,"Oklahoma City Thunder","Cleveland Cavaliers",123,116,1,0
2024-02-22,"Oklahoma City Thunder","New York Knicks",125,121,1,0
2024-02-22,"Oklahoma City Thunder","Los Angeles Lakers",127,113,1,0
2024-02-22,"Oklahoma City Thunder","Detroit Pistons",106,107,0,1
2024-02-22,"Oklahoma City Thunder","Utah Jazz",91,94,0,1
2024-02-22,"Oklahoma City Thunder","Portland Trail Blazers",96,91,1,0
2024-02-22,"Orlando Magic","Cleveland Cavaliers",134,132,1,0
2024-02-22,"Orlando Magic","Indiana Pacers",113,110,1,0
2024-02-22,"Orlando Magic","Philadelphia 76ers",124,116,1,0
2024-02-22,"Orlando Magic","Milwaukee Bucks",115,118,0,1
2024-02-22,"Orlando Magic","Houston Rockets",121,126,0,1
2024-02-22,"Orlando Magic","Toronto Raptors",123,117,1,0
2024-02-22,"Orlando Magic","Detroit Pistons",124,110,1,0
2024-02-22,"Orlando Magic","Minnesota Timberwolves",133,118,1,0
2024-02-23,"Orlando Magic","Houston Rockets",107,114,0,1
2024-02-23,"Orlando Magic","New Orleans Pelicans",99,103,0,1
2024-02-23,"Orlando Magic","Atlanta Hawks",119,121,0,1
2024-02-23,"Orlando Magic","Houston Rockets",119,112,1,0
2024-02-23,"Orlando Magic","Milwaukee Bucks",129,110,1,0
2024-02-23,"Orlando Magic","Milwaukee Bucks",105,100,1,0
2024-02-23,"Orlando Magic","Denver Nuggets",117,123,0,1
2024-02-23,"Orlando Magic","Houston Rockets",109,106,1,0
2024-02-24,"Orlando Magic","Minnesota Timberwolves",103,109,0,1
2024-02-24,"Orlando Magic","Atlanta Hawks",118,110,1,0
2024-02-24,"Orlando Magic","Phoenix Suns",128,109,1,0
2024-02-24,"Orlando Magic","Cleveland Cavaliers",112,116,0,1
2024-02-24,"Orlando Magic","Boston Celtics",119,120,0,1
2024-02-24,"Orlando Magic","Los Angeles Lakers",118,116,1,0
2024-02-24,"Orlando Magic","Chicago Bulls",91,94,0,1
2024-02-24,"Orlando Magic","Atlanta Hawks",60,83,0,1
2024-02-25,"Orlando Magic","Sacramento Kings",105,106,0,1
2024-02-25,"Orlando Magic","Phoenix Suns",119,108,1,0
2024-02-25,"Orlando Magic","Minnesota Timberwolves",112,108,1,0
2024-02-25,"Orlando Magic","Utah Jazz",106,95,1,0
2024-02-25,"Orlando Magic","Charlotte Hornets",113,103,1,0
2024-02-25,"Orlando Magic","Memphis Grizzlies",74,90,0,1
2024-02-25,"Orlando Magic","Dallas Mavericks",142,139,1,0
2024-02-25,"Orlando Magic","Los Angeles Lakers",119,116,1,0
2024-02-25,"Orlando Magic","Golden State Warriors",119,110,1,0
2024-02-25,"Orlando Magic","Brooklyn Nets",103,89,1,0
2024-02-25,"Orlando Magic","Dallas Mavericks",121,107,1,0
2024-02-25,"Orlando Magic","Chicago Bulls",113,119,0,1
2024-02-25,"Orlando Magic","Portland Trail Blazers",128,119,1,0
2024-02-25,"Orlando Magic","Cleveland Cavaliers",109,115,0,1
2024-02-26,"Orlando Magic","Chicago Bulls",125,126,0,1
2024-02-26,"Orlando Magic","Oklahoma City Thunder",100,90,1,0
2024-02-26,"Orlando Magic","Minnesota Timberwolves",75,98,0,1
2024-02-26,"Philadelphia 76ers","Detroit Pistons",108,110,0,1
2024-02-26,"Philadelphia 76ers","Brooklyn Nets",121,112,1,0
2024-02-27,"Philadelphia 76ers","Brooklyn Nets",101,104,0,1
2024-02-27,"Philadelphia 76ers","Detroit Pistons",128,123,1,0
2024-02-27,"Philadelphia 76ers","LA Clippers",96,88,1,0
2024-02-27,"Philadelphia 76ers","Toronto Raptors",89,99,0,1
2024-02-27,"Philadelphia 76ers","Washington Wizards",112,128,0,1
2024-02-27,"Philadelphia 76ers","Toronto Raptors",112,120,0,1
2024-02-27,"Philadelphia 76ers","Dallas Mavericks",94,93,1,0
2024-02-27,"Philadelphia 76ers","Golden State Warriors",136,119,1,0
2024-02-27,"Philadelphia 76ers","Milwaukee Bucks",111,114,0,1
2024-02-27,"Philadelphia 76ers","Boston Celtics",94,95,0,1
2024-02-27,"Philadelphia 76ers","New York Knicks",103,114,0,1
2024-02-28,"Philadelphia 76ers","Milwaukee Bucks",131,120,1,0
2024-02-28,"Philadelphia 76ers","San Antonio Spurs",105,99,1,0
2024-02-28,"Philadelphia 76ers","Indiana Pacers",121,116,1,0
2024-02-28,"Philadelphia 76ers","Portland Trail Blazers",112,96,1,0
2024-02-28,"Philadelphia 76ers","Portland Trail Blazers",110,116,0,1
2024-02-29,"Philadelphia 76ers","Cleveland Cavaliers",88,99,0,1
2024-02-29,"Philadelphia 76ers","Orlando Magic",99,106,0,1
2024-02-29,"Philadelphia 76ers","New Orleans Pelicans",97,99,0,1
2024-02-29,"Philadelphia 76ers","Golden State Warriors",116,118,0,1
2024-02-29,"Philadelphia 76ers","Miami Heat",122,108,1,0
2024-02-29,"Philadelphia 76ers","Atlanta Hawks",125,115,1,0
2024-03-01,"Philadelphia 76ers","Golden State Warriors",129,117,1,0
2024-03-01,"Philadelphia 76ers","Dallas Mavericks",113,110,1,0
2024-03-01,"Philadelphia 76ers","Sacramento Kings",106,109,0,1
2024-03-01,"Philadelphia 76ers","Portland Trail Blazers",116,114,1,0
2024-03-01,"Philadelphia 76ers","Boston Celtics",108,116,0,1
2024-03-01,"Philadelphia 76ers","Charlotte Hornets",122,110,1,0
2024-03-01,"Philadelphia 76ers","New York Knicks",120,115,1,0
2024-03-02,"Philadelphia 76ers","Denver Nuggets",116,119,0,1
2024-03-02,"Philadelphia 76ers","Memphis Grizzlies",118,117,1,0
2024-03-02,"Philadelphia 76ers","Los Angeles Lakers",136,124,1,0
2024-03-02,"Philadelphia 76ers","Milwaukee Bucks",82,89,0,1
2024-03-02,"Philadelphia 76ers","San Antonio Spurs",95,114,0,1
2024-03-02,"Philadelphia 76ers","Chicago Bulls",117,112,1,0
2024-03-03,"Philadelphia 76ers","Milwaukee Bucks",94,102,0,1
2024-03-03,"Philadelphia 76ers","Milwaukee Bucks",113,102,1,0
2024-03-03,"Philadelphia 76ers","Miami Heat",113,116,0,1
2024-03-03,"Philadelphia 76ers","San Antonio Spurs",98,106,0,1
2024-03-03,"Phoenix Suns","New York Knicks",115,107,1,0
2024-03-03,"Phoenix Suns","Sacramento Kings",128,116,1,0
2024-03-03,"Phoenix Suns","Cleveland Cavaliers",124,123,1,0
2024-03-04,"Phoenix Suns","Brooklyn Nets",125,133,0,1
2024-03-04,"Phoenix Suns","Los Angeles Lakers",115,118,0,1
2024-03-04,"Phoenix Suns","Detroit Pistons",135,132,1,0
2024-03-04,"Phoenix Suns","Portland Trail Blazers",129,124,1,0
2024-03-04,"Phoenix Suns","Indiana Pacers",107,114,0,1
2024-03-05,"Phoenix Suns","Philadelphia 76ers",123,113,1,0
2024-03-05,"Phoenix Suns","Detroit Pistons",110,131,0,1
2024-03-05,"Phoenix Suns","Portland Trail Blazers",105,99,1,0
2024-03-05,"Phoenix Suns","Los Angeles Lakers",120,111,1,0
2024-03-05,"Phoenix Suns","Brooklyn Nets",127,112,1,0
2024-03-06,"Phoenix Suns","Charlotte Hornets",90,84,1,0
2024-03-06,"Phoenix Suns","Brooklyn Nets",104,106,0,1
2024-03-06,"Phoenix Suns","Dallas Mavericks",108,114,0,1
2024-03-06,"Phoenix Suns","Atlanta Hawks",76,79,0,1
2024-03-06,"Phoenix Suns","Utah Jazz",120,114,1,0
2024-03-06,"Phoenix Suns","Portland Trail Blazers",112,107,1,0
2024-03-07,"Phoenix Suns","Chicago Bulls",130,115,1,0
2024-03-07,"Phoenix Suns","Orlando Magic",122,118,1,0
2024-03-07,"Phoenix Suns","Charlotte Hornets",121,126,0,1
2024-03-07,"Phoenix Suns","Washington Wizards",81,91,0,1
2024-03-07,"Phoenix Suns","Toronto Raptors",118,110,1,0
2024-03-07,"Phoenix Suns","Denver Nuggets",99,103,0,1
2024-03-07,"Phoenix Suns","Indiana Pacers",87,110,0,1
2024-03-07,"Phoenix Suns","Indiana Pacers",106,109,0,1
2024-03-07,"Phoenix Suns","Indiana Pacers",104,97,1,0
2024-03-07,"Phoenix Suns","Memphis Grizzlies",107,90,1,0
2024-03-08,"Phoenix Suns","Detroit Pistons",109,133,0,1
2024-03-08,"Phoenix Suns","Portland Trail Blazers",104,95,1,0
2024-03-09,"Phoenix Suns","Brooklyn Nets",126,113,1,0
2024-03-09,"Phoenix Suns","Brooklyn Nets",102,98,1,0
2024-03-09,"Phoenix Suns","San Antonio Spurs",123,127,0,1
2024-03-09,"Phoenix Suns","Detroit Pistons",96,91,1,0
2024-03-09,"Phoenix Suns","Dallas Mavericks",95,100,0,1
2024-03-09,"Phoenix Suns","Toronto Raptors",88,97,0,1
2024-03-09,"Phoenix Suns","Philadelphia 76ers",119,111,1,0
2024-03-09,"Phoenix Suns","Indiana Pacers",107,105,1,0
2024-03-09,"Phoenix Suns","LA Clippers",118,136,0,1
2024-03-10,"Phoenix Suns","Milwaukee Bucks",114,110,1,0
2024-03-10,"Portland Trail Blazers","Memphis Grizzlies",124,125,0,1
2024-03-10,"Portland Trail Blazers","Memphis Grizzlies",117,119,0,1
2024-03-10,"Portland Trail Blazers","New York Knicks",124,118,1,0
2024-03-11,"Portland Trail Blazers","Brooklyn Nets",124,116,1,0
2024-03-11,"Portland Trail Blazers","Toronto Raptors",123,113,1,0
2024-03-11,"Portland Trail Blazers","LA Clippers",111,102,1,0
2024-03-11,"Portland Trail Blazers","New Orleans Pelicans",108,106,1,0
2024-03-11,"Portland Trail Blazers","Boston Celtics",129,115,1,0
2024-03-12,"Portland Trail Blazers","Orlando Magic",93,83,1,0
2024-03-12,"Portland Trail Blazers","Chicago Bulls",92,90,1,0
2024-03-12,"Portland Trail Blazers","Detroit Pistons",117,105,1,0
2024-03-12,"Portland Trail Blazers","Washington Wizards",86,89,0,1
2024-03-12,"Portland Trail Blazers","Minnesota Timberwolves",112,111,1,0
2024-03-12,"Portland Trail Blazers","Atlanta Hawks",120,115,1,0
2024-03-12,"Portland Trail Blazers","Charlotte Hornets",128,120,1,0
2024-03-12,"Portland Trail Blazers","Minnesota Timberwolves",129,122,1,0
2024-03-12,"Portland Trail Blazers","Chicago Bulls",121,116,1,0
2024-03-13,"Portland Trail Blazers","Brooklyn Nets",122,116,1,0
2024-03-14,"Portland Trail Blazers","Golden State Warriors",116,113,1,0
2024-03-14,"Portland Trail Blazers","Phoenix Suns",114,110,1,0
2024-03-14,"Portland Trail Blazers","Sacramento Kings",99,101,0,1
2024-03-14,"Portland Trail Blazers","Dallas Mavericks",145,135,1,0
2024-03-14,"Portland Trail Blazers","Los Angeles Lakers",109,101,1,0
2024-03-14,"Portland Trail Blazers","Washington Wizards",128,129,0,1
2024-03-14,"Portland Trail Blazers","Toronto Raptors",130,120,1,0
2024-03-14,"Portland Trail Blazers","Golden State Warriors",126,132,0,1
2024-03-15,"Portland Trail Blazers","Philadelphia 76ers",116,118,0,1
2024-03-15,"Portland Trail Blazers","Golden State Warriors",95,105,0,1
2024-03-15,"Portland Trail Blazers","Oklahoma City Thunder",97,107,0,1
2024-03-16,"Portland Trail Blazers","Detroit Pistons",104,95,1,0
2024-03-16,"Portland Trail Blazers","Dallas Mavericks",114,121,0,1
2024-03-16,"Portland Trail Blazers","Cleveland Cavaliers",136,111,1,0
2024-03-16,"Portland Trail Blazers","New York Knicks",138,109,1,0
2024-03-16,"Portland Trail Blazers","Utah Jazz",104,111,0,1
2024-03-17,"Portland Trail Blazers","Denver Nuggets",108,103,1,0
2024-03-17,"Portland Trail Blazers","San Antonio Spurs",108,105,1,0
2024-03-17,"Portland Trail Blazers","Phoenix Suns",109,119,0,1
2024-03-17,"Portland Trail Blazers","Chicago Bulls",121,124,0,1
2024-03-17,"Portland Trail Blazers","San Antonio Spurs",104,111,0,1
2024-03-17,"Portland Trail Blazers","New Orleans Pelicans",118,113,1,0
2024-03-18,"Portland Trail Blazers","New York Knicks",118,113,1,0
2024-03-18,"Sacramento Kings","Houston Rockets",104,112,0,1
2024-03-18,"Sacramento Kings","Toronto Raptors",112,107,1,0
2024-03-18,"Sacramento Kings","Milwaukee Bucks",114,116,0,1
2024-03-18,"Sacramento Kings","Dallas Mavericks",120,118,1,0
2024-03-18,"Sacramento Kings","Phoenix Suns",94,112,0,1
2024-03-19,"Sacramento Kings","Golden State Warriors",125,116,1,0
2024-03-19,"Sacramento Kings","Indiana Pacers",106,104,1,0
2024-03-19,"Sacramento Kings","Orlando Magic",127,112,1,0
2024-03-19,"Sacramento Kings","Charlotte Hornets",112,117,0,1
2024-03-19,"Sacramento Kings","New York Knicks",107,109,0,1
2024-03-19,"Sacramento Kings","Brooklyn Nets",119,109,1,0
2024-03-19,"Sacramento Kings","Washington Wizards",109,105,1,0
2024-03-19,"Sacramento Kings","Washington Wizards",122,116,1,0
2024-03-19,"Sacramento Kings","Atlanta Hawks",106,113,0,1
2024-03-19,"Sacramento Kings","Miami Heat",129,139,0,1
2024-03-19,"Sacramento Kings","San Antonio Spurs",96,109,0,1
2024-03-19,"Sacramento Kings","Chicago Bulls",120,111,1,0
2024-03-19,"Sacramento Kings","New Orleans Pelicans",110,99,1,0
2024-03-20,"Sacramento Kings","Milwaukee Bucks",115,120,0,1
2024-03-20,"Sacramento Kings","Houston Rockets",116,107,1,0
2024-03-20,"Sacramento Kings","Atlanta Hawks",96,111,0,1
2024-03-20,"Sacramento Kings","Phoenix Suns",146,120,1,0
2024-03-20,"Sacramento Kings","Atlanta Hawks",118,127,0,1
2024-03-20,"Sacramento Kings","Minnesota Timberwolves",102,107,0,1
2024-03-20,"Sacramento Kings","Brooklyn Nets",94,106,0,1
2024-03-20,"Sacramento Kings","Chicago Bulls",108,112,0,1
2024-03-21,"Sacramento Kings","Dallas Mavericks",140,123,1,0
2024-03-21,"Sacramento Kings","Cleveland Cavaliers",131,111,1,0
2024-03-21,"Sacramento Kings","Miami Heat",110,112,0,1
2024-03-21,"Sacramento Kings","LA Clippers",129,119,1,0
2024-03-21,"Sacramento Kings","Atlanta Hawks",108,118,0,1
2024-03-21,"Sacramento Kings","Phoenix Suns",123,122,1,0
2024-03-21,"Sacramento Kings","New Orleans Pelicans",93,89,1,0
2024-03-21,"Sacramento Kings","Minnesota Timberwolves",100,97,1,0
2024-03-21,"Sacramento Kings","Golden State Warriors",100,97,1,0
2024-03-21,"Sacramento Kings","Los Angeles Lakers",118,114,1,0
2024-03-21,"Sacramento Kings","Golden State Warriors",105,95,1,0
2024-03-22,"Sacramento Kings","Philadelphia 76ers",120,107,1,0
2024-03-22,"Sacramento Kings","Boston Celtics",100,115,0,1
2024-03-22,"Sacramento Kings","Miami Heat",133,131,1,0
2024-03-22,"Sacramento Kings","Utah Jazz",104,107,0,1
2024-03-22,"San Antonio Spurs","Detroit Pistons",128,110,1,0
2024-03-22,"San Antonio Spurs","Milwaukee Bucks",115,113,1,0
2024-03-22,"San Antonio Spurs","Boston Celtics",124,103,1,0
2024-03-23,"San Antonio Spurs","Memphis Grizzlies",72,75,0,1
2024-03-23,"San Antonio Spurs","Philadelphia 76ers",113,127,0,1
2024-03-23,"San Antonio Spurs","Toronto Raptors",98,106,0,1
2024-03-23,"San Antonio Spurs","Denver Nuggets",100,102,0,1
2024-03-23,"San Antonio Spurs","Brooklyn Nets",107,113,0,1
2024-03-23,"San Antonio Spurs","Boston Celtics",117,103,1,0
2024-03-23,"San Antonio Spurs","Milwaukee Bucks",125,120,1,0
2024-03-23,"San Antonio Spurs","Orlando Magic",108,105,1,0
2024-03-23,"San Antonio Spurs","Brooklyn Nets",122,119,1,0
2024-03-23,"San Antonio Spurs","Houston Rockets",112,107,1,0
2024-03-23,"San Antonio Spurs","Sacramento Kings",103,99,1,0
2024-03-23,"San Antonio Spurs","Chicago Bulls",125,118,1,0
2024-03-24,"San Antonio Spurs","Orlando Magic",154,137,1,0
2024-03-24,"San Antonio Spurs","Atlanta Hawks",84,99,0,1
2024-03-24,"San Antonio Spurs","Brooklyn Nets",103,105,0,1
2024-03-24,"San Antonio Spurs","Los Angeles Lakers",103,97,1,0
2024-03-24,"San Antonio Spurs","Cleveland Cavaliers",134,128,1,0
2024-03-24,"San Antonio Spurs","Miami Heat",126,111,1,0
2024-03-24,"San Antonio Spurs","Golden State Warriors",90,84,1,0
2024-03-24,"San Antonio Spurs","Toronto Raptors",90,86,1,0
2024-03-24,"San Antonio Spurs","Denver Nuggets",105,120,0,1
2024-03-25,"San Antonio Spurs","Philadelphia 76ers",116,113,1,0
2024-03-25,"San Antonio Spurs","Orlando Magic",104,88,1,0
2024-03-25,"San Antonio Spurs","Detroit Pistons",93,97,0,1
2024-03-25,"San Antonio Spurs","Brooklyn Nets",99,114,0,1
2024-03-26,"San Antonio Spurs","Boston Celtics",99,110,0,1
2024-03-26,"San Antonio Spurs","Cleveland Cavaliers",94,89,1,0
2024-03-26,"San Antonio Spurs","Boston Celtics",113,118,0,1
2024-03-26,"San Antonio Spurs","Miami Heat",92,105,0,1
2024-03-27,"San Antonio Spurs","Portland Trail Blazers",134,124,1,0
2024-03-27,"San Antonio Spurs","Detroit Pistons",119,115,1,0
2024-03-27,"San Antonio Spurs","Chicago Bulls",114,123,0,1
2024-03-27,"San Antonio Spurs","Milwaukee Bucks",97,88,1,0
2024-03-27,"San Antonio Spurs","Indiana Pacers",106,118,0,1
2024-03-28,"San Antonio Spurs","New York Knicks",126,122,1,0
2024-03-28,"San Antonio Spurs","Charlotte Hornets",125,116,1,0
2024-03-29,"San Antonio Spurs","Cleveland Cavaliers",103,98,1,0
2024-03-29,"San Antonio Spurs","Boston Celtics",119,109,1,0
2024-03-29,"Toronto Raptors","Brooklyn Nets",85,89,0,1
2024-03-29,"Toronto Raptors","Minnesota Timberwolves",101,104,0,1
2024-03-29,"Toronto Raptors","Milwaukee Bucks",113,102,1,0
2024-03-29,"Toronto Raptors","Phoenix Suns",122,114,1,0
2024-03-30,"Toronto Raptors","Minnesota Timberwolves",136,134,1,0
2024-03-30,"Toronto Raptors","Washington Wizards",108,114,0,1
2024-03-30,"Toronto Raptors","Houston Rockets",110,105,1,0
2024-03-30,"Toronto Raptors","Denver Nuggets",118,120,0,1
2024-03-30,"Toronto Raptors","Dallas Mavericks",113,118,0,1
2024-03-30,"Toronto Raptors","Oklahoma City Thunder",125,113,1,0
2024-03-30,"Toronto Raptors","New York Knicks",112,103,1,0
2024-03-30,"Toronto Raptors","Utah Jazz",111,116,0,1
2024-03-31,"Toronto Raptors","Orlando Magic",112,118,0,1
2024-03-31,"Toronto Raptors","Washington Wizards",128,113,1,0
2024-03-31,"Toronto Raptors","Philadelphia 76ers",124,131,0,1
2024-03-31,"Toronto Raptors","Phoenix Suns",121,135,0,1
2024-03-31,"Toronto Raptors","Atlanta Hawks",86,99,0,1
2024-03-31,"Toronto Raptors","Utah Jazz",123,114,1,0
2024-03-31,"Toronto Raptors","Phoenix Suns",94,96,0,1
2024-03-31,"Toronto Raptors","New Orleans Pelicans",88,104,0,1
2024-03-31,"Toronto Raptors","Miami Heat",109,105,1,0
2024-03-31,"Toronto Raptors","Denver Nuggets",88,108,0,1
2024-03-31,"Toronto Raptors","New York Knicks",137,129,1,0
2024-03-31,"Toronto Raptors","Minnesota Timberwolves",111,101,1,0
2024-03-31,"Toronto Raptors","Oklahoma City Thunder",107,116,0,1
2024-04-01,"Toronto Raptors","Golden State Warriors",130,119,1,0
2024-04-01,"Toronto Raptors","Golden State Warriors",100,113,0,1
2024-04-01,"Toronto Raptors","New Orleans Pelicans",124,116,1,0
2024-04-01,"Toronto Raptors","Orlando Magic",107,103,1,0
2024-04-02,"Toronto Raptors","LA Clippers",113,105,1,0
2024-04-02,"Toronto Raptors","Philadelphia 76ers",92,103,0,1
2024-04-02,"Toronto Raptors","Indiana Pacers",99,86,1,0
2024-04-03,"Toronto Raptors","Denver Nuggets",109,117,0,1
2024-04-03,"Toronto Raptors","Oklahoma City Thunder",115,105,1,0
2024-04-03,"Toronto Raptors","Cleveland Cavaliers",104,108,0,1
2024-04-03,"Toronto Raptors","Orlando Magic",104,117,0,1
2024-04-03,"Toronto Raptors","Dallas Mavericks",119,111,1,0
2024-04-03,"Toronto Raptors","Utah Jazz",119,109,1,0
2024-04-03,"Toronto Raptors","Dallas Mavericks",95,104,0,1
2024-04-04,"Toronto Raptors","Chicago Bulls",121,128,0,1
2024-04-04,"Toronto Raptors","Atlanta Hawks",121,112,1,0
2024-04-04,"Utah Jazz","New Orleans Pelicans",95,111,0,1
2024-04-04,"Utah Jazz","Phoenix Suns",114,121,0,1
2024-04-04,"Utah Jazz","Houston Rockets",110,114,0,1
2024-04-04,"Utah Jazz","Boston Celtics",94,100,0,1
2024-04-04,"Utah Jazz","Minnesota Timberwolves",96,106,0,1
2024-04-04,"Utah Jazz","Philadelphia 76ers",111,101,1,0
2024-04-04,"Utah Jazz","Golden State Warriors",94,91,1,0
2024-04-04,"Utah Jazz","Cleveland Cavaliers",119,108,1,0
2024-04-04,"Utah Jazz","Oklahoma City Thunder",126,117,1,0
2024-04-05,"Utah Jazz","Charlotte Hornets",105,104,1,0
2024-04-05,"Utah Jazz","Washington Wizards",123,115,1,0
2024-04-05,"Utah Jazz","Indiana Pacers",122,118,1,0
2024-04-05,"Utah Jazz","Oklahoma City Thunder",110,109,1,0
2024-04-05,"Utah Jazz","Cleveland Cavaliers",102,105,0,1
2024-04-05,"Utah Jazz","Milwaukee Bucks",92,102,0,1
2024-04-05,"Utah Jazz","Los Angeles Lakers",114,107,1,0
2024-04-05,"Utah Jazz","Atlanta Hawks",135,127,1,0
2024-04-06,"Utah Jazz","San Antonio Spurs",120,111,1,0
2024-04-06,"Utah Jazz","Houston Rockets",92,105,0,1
2024-04-06,"Utah Jazz","Phoenix Suns",108,105,1,0
2024-04-06,"Utah Jazz","New York Knicks",118,111,1,0
2024-04-06,"Utah Jazz","Sacramento Kings",107,111,0,1
2024-04-06,"Utah Jazz","Portland Trail Blazers",127,125,1,0
2024-04-06,"Utah Jazz","Toronto Raptors",111,105,1,0
2024-04-06,"Utah Jazz","New Orleans Pelicans",125,121,1,0
2024-04-06,"Utah Jazz","Phoenix Suns",99,103,0,1
2024-04-06,"Utah Jazz","Chicago Bulls",115,112,1,0
2024-04-06,"Utah Jazz","Brooklyn Nets",121,106,1,0
2024-04-06,"Utah Jazz","LA Clippers",107,121,0,1
2024-04-06,"Utah Jazz","New Orleans Pelicans",130,125,1,0
2024-04-06,"Utah Jazz","Oklahoma City Thunder",131,127,1,0
2024-04-07,"Utah Jazz","Washington Wizards",114,118,0,1
2024-04-07,"Utah Jazz","Portland Trail Blazers",118,104,1,0
2024-04-07,"Utah Jazz","Minnesota Timberwolves",101,109,0,1
2024-04-07,"Utah Jazz","New York Knicks",124,113,1,0
2024-04-07,"Utah Jazz","Los Angeles Lakers",88,87,1,0
2024-04-07,"Utah Jazz","Boston Celtics",139,126,1,0
2024-04-07,"Utah Jazz","Atlanta Hawks",99,98,1,0
2024-04-08,"Utah Jazz","Orlando Magic",108,105,1,0
2024-04-08,"Utah Jazz","Orlando Magic",146,125,1,0
2024-04-08,"Utah Jazz","Los Angeles Lakers",109,115,0,1
2024-04-08,"Washington Wizards","Dallas Mavericks",117,115,1,0
2024-04-08,"Washington Wizards","Memphis Grizzlies",106,102,1,0
2024-04-09,"Washington Wizards","Philadelphia 76ers",101,92,1,0
2024-04-09,"Washington Wizards","Cleveland Cavaliers",107,101,1,0
2024-04-09,"Washington Wizards","Indiana Pacers",110,116,0,1
2024-04-09,"Washington Wizards","New York Knicks",109,118,0,1
2024-04-09,"Washington Wizards","Houston Rockets",105,110,0,1
2024-04-09,"Washington Wizards","Golden State Warriors",108,106,1,0
2024-04-10,"Washington Wizards","Milwaukee Bucks",106,114,0,1
2024-04-10,"Washington Wizards","Portland Trail Blazers",107,103,1,0
2024-04-10,"Washington Wizards","Golden State Warriors",120,116,1,0
2024-04-10,"Washington Wizards","San Antonio Spurs",79,98,0,1
2024-04-10,"Washington Wizards","New Orleans Pelicans",120,130,0,1
2024-04-10,"Washington Wizards","Golden State Warriors",84,80,1,0
2024-04-10,"Washington Wizards","Utah Jazz",137,126,1,0
2024-04-10,"Washington Wizards","Detroit Pistons",93,103,0,1
2024-04-11,"Washington Wizards","Orlando Magic",134,124,1,0
2024-04-11,"Washington Wizards","San Antonio Spurs",103,94,1,0
2024-04-11,"Washington Wizards","Denver Nuggets",109,106,1,0
2024-04-11,"Washington Wizards","New Orleans Pelicans",109,112,0,1
2024-04-11,"Washington Wizards","Dallas Mavericks",102,99,1,0
2024-04-11,"Washington Wizards","Sacramento Kings",99,104,0,1
2024-04-11,"Washington Wizards","Philadelphia 76ers",109,115,0,1
2024-04-11,"Washington Wizards","Miami Heat",133,116,1,0
2024-04-11,"Washington Wizards","Denver Nuggets",106,96,1,0
2024-04-11,"Washington Wizards","Philadelphia 76ers",86,99,0,1
2024-04-11,"Washington Wizards","Oklahoma City Thunder",120,112,1,0
2024-04-11,"Washington Wizards","Toronto Raptors",144,126,1,0
2024-04-11,"Washington Wizards","Miami Heat",102,118,0,1
2024-04-11,"Washington Wizards","Oklahoma City Thunder",111,93,1,0
2024-04-12,"Washington Wizards","Utah Jazz",98,102,0,1
2024-04-12,"Washington Wizards","Houston Rockets",97,90,1,0
2024-04-12,"Washington Wizards","Portland Trail Blazers",133,119,1,0
2024-04-12,"Washington Wizards","San Antonio Spurs",96,100,0,1
2024-04-12,"Washington Wizards","Golden State Warriors",101,110,0,1
2024-04-13,"Washington Wizards","New York Knicks",123,117,1,0
2024-04-14,"Washington Wizards","Minnesota Timberwolves",119,109,1,0
2024-04-14,"Washington Wizards","Miami Heat",98,101,0,1
2024-04-14,"Washington Wizards","Denver Nuggets",115,111,1,0
2024-04-14,"Washington Wizards","Oklahoma City Thunder",75,95,0,1
2024-04-14,"Washington Wizards","Chicago Bulls",127,136,0,1
